id; userid; assignment; locked; mailed; extensionduedate; workflowstate; allocatedmarker; 
1; 875; 119; 0; 0; 0; 0; 0; 
2; 301; 22; 0; 0; 0; 0; 0; 
3; 306; 22; 0; 0; 0; 0; 0; 
4; 307; 22; 0; 0; 0; 0; 0; 
5; 308; 22; 0; 0; 0; 0; 0; 
6; 312; 22; 0; 0; 0; 0; 0; 
7; 316; 22; 0; 0; 0; 0; 0; 
8; 318; 22; 0; 0; 0; 0; 0; 
9; 323; 22; 0; 0; 0; 0; 0; 
10; 326; 22; 0; 0; 0; 0; 0; 
11; 329; 22; 0; 0; 0; 0; 0; 
12; 330; 22; 0; 0; 0; 0; 0; 
13; 331; 22; 0; 0; 0; 0; 0; 
14; 332; 22; 0; 0; 0; 0; 0; 
15; 333; 22; 0; 0; 0; 0; 0; 
16; 334; 22; 0; 0; 0; 0; 0; 
17; 336; 22; 0; 0; 0; 0; 0; 
18; 337; 22; 0; 0; 0; 0; 0; 
19; 338; 22; 0; 0; 0; 0; 0; 
20; 339; 22; 0; 0; 0; 0; 0; 
21; 340; 22; 0; 0; 0; 0; 0; 
22; 342; 22; 0; 0; 0; 0; 0; 
23; 343; 22; 0; 0; 0; 0; 0; 
24; 344; 22; 0; 0; 0; 0; 0; 
25; 346; 22; 0; 0; 0; 0; 0; 
26; 348; 22; 0; 0; 0; 0; 0; 
27; 412; 22; 0; 0; 0; 0; 0; 
28; 413; 22; 0; 0; 0; 0; 0; 
29; 414; 22; 0; 0; 0; 0; 0; 
30; 415; 22; 0; 0; 0; 0; 0; 
31; 1262; 22; 0; 0; 0; 0; 0; 
32; 1574; 22; 0; 0; 0; 0; 0; 
33; 318; 23; 0; 0; 0; 0; 0; 
34; 342; 23; 0; 0; 0; 0; 0; 
35; 415; 23; 0; 0; 0; 0; 0; 
36; 1574; 23; 0; 0; 0; 0; 0; 
37; 1585; 23; 0; 0; 0; 0; 0; 
38; 1263; 134; 0; 0; 0; 0; 0; 
39; 1267; 134; 0; 0; 0; 0; 0; 
40; 1273; 134; 0; 0; 0; 0; 0; 
41; 1264; 134; 0; 0; 0; 0; 0; 
42; 1269; 134; 0; 0; 0; 0; 0; 
43; 1280; 134; 0; 0; 0; 0; 0; 
44; 1265; 134; 0; 0; 0; 0; 0; 
45; 1278; 134; 0; 0; 0; 0; 0; 
46; 1275; 134; 0; 0; 0; 0; 0; 
47; 1666; 134; 0; 0; 0; 0; 0; 
48; 1281; 134; 0; 0; 0; 0; 0; 
49; 1266; 134; 0; 0; 0; 0; 0; 
50; 1272; 134; 0; 0; 0; 0; 0; 
51; 1279; 134; 0; 0; 0; 0; 0; 
52; 1277; 134; 0; 0; 0; 0; 0; 
53; 1270; 134; 0; 0; 0; 0; 0; 
54; 1271; 134; 0; 0; 0; 0; 0; 
55; 1268; 134; 0; 0; 0; 0; 0; 
56; 1276; 134; 0; 0; 0; 0; 0; 
57; 1274; 134; 0; 0; 0; 0; 0; 
58; 1286; 135; 0; 0; 0; 0; 0; 
59; 1290; 135; 0; 0; 0; 0; 0; 
60; 1296; 135; 0; 0; 0; 0; 0; 
61; 1285; 135; 0; 0; 0; 0; 0; 
62; 1299; 135; 0; 0; 0; 0; 0; 
63; 1288; 135; 0; 0; 0; 0; 0; 
64; 1283; 135; 0; 0; 0; 0; 0; 
65; 1291; 135; 0; 0; 0; 0; 0; 
66; 1069; 135; 0; 0; 0; 0; 0; 
67; 1298; 135; 0; 0; 0; 0; 0; 
68; 1289; 135; 0; 0; 0; 0; 0; 
69; 1282; 135; 0; 0; 0; 0; 0; 
70; 1292; 135; 0; 0; 0; 0; 0; 
71; 1287; 135; 0; 0; 0; 0; 0; 
72; 1654; 135; 0; 0; 0; 0; 0; 
73; 1284; 135; 0; 0; 0; 0; 0; 
74; 1293; 135; 0; 0; 0; 0; 0; 
75; 1297; 135; 0; 0; 0; 0; 0; 
76; 1294; 135; 0; 0; 0; 0; 0; 
77; 1295; 135; 0; 0; 0; 0; 0; 
78; 296; 120; 0; 0; 0; 0; 0; 
79; 1005; 152; 0; 0; 0; 0; 0; 
80; 1305; 218; 0; 0; 0; 0; 0; 
81; 1312; 218; 0; 0; 0; 0; 0; 
82; 1321; 218; 0; 0; 0; 0; 0; 
83; 1325; 218; 0; 0; 0; 0; 0; 
84; 196; 121; 0; 0; 0; 0; 0; 
85; 198; 121; 0; 0; 0; 0; 0; 
86; 203; 121; 0; 0; 0; 0; 0; 
87; 200; 121; 0; 0; 0; 0; 0; 
88; 1561; 117; 0; 0; 0; 0; 0; 
89; 1562; 117; 0; 0; 0; 0; 0; 
90; 1562; 118; 0; 0; 0; 0; 0; 
91; 1561; 118; 0; 0; 0; 0; 0; 
92; 792; 90; 0; 0; 0; 0; 0; 
93; 800; 90; 0; 0; 0; 0; 0; 
94; 794; 90; 0; 0; 0; 0; 0; 
95; 809; 90; 0; 0; 0; 0; 0; 
96; 205; 121; 0; 0; 0; 0; 0; 
97; 793; 90; 0; 0; 0; 0; 0; 
98; 795; 90; 0; 0; 0; 0; 0; 
99; 209; 121; 0; 0; 0; 0; 0; 
100; 806; 90; 0; 0; 0; 0; 0; 
101; 788; 90; 0; 0; 0; 0; 0; 
102; 802; 90; 0; 0; 0; 0; 0; 
103; 803; 90; 0; 0; 0; 0; 0; 
104; 260; 121; 0; 0; 0; 0; 0; 
105; 797; 90; 0; 0; 0; 0; 0; 
106; 799; 90; 0; 0; 0; 0; 0; 
107; 258; 121; 0; 0; 0; 0; 0; 
108; 789; 90; 0; 0; 0; 0; 0; 
109; 791; 90; 0; 0; 0; 0; 0; 
110; 790; 90; 0; 0; 0; 0; 0; 
111; 787; 91; 0; 0; 0; 0; 0; 
112; 803; 91; 0; 0; 0; 0; 0; 
113; 259; 121; 0; 0; 0; 0; 0; 
114; 808; 91; 0; 0; 0; 0; 0; 
115; 804; 91; 0; 0; 0; 0; 0; 
116; 806; 91; 0; 0; 0; 0; 0; 
117; 795; 91; 0; 0; 0; 0; 0; 
118; 223; 121; 0; 0; 0; 0; 0; 
119; 809; 91; 0; 0; 0; 0; 0; 
120; 791; 91; 0; 0; 0; 0; 0; 
121; 794; 91; 0; 0; 0; 0; 0; 
122; 218; 121; 0; 0; 0; 0; 0; 
123; 222; 121; 0; 0; 0; 0; 0; 
124; 237; 121; 0; 0; 0; 0; 0; 
125; 243; 121; 0; 0; 0; 0; 0; 
126; 231; 121; 0; 0; 0; 0; 0; 
127; 1587; 121; 0; 0; 0; 0; 0; 
128; 234; 121; 0; 0; 0; 0; 0; 
129; 227; 121; 0; 0; 0; 0; 0; 
130; 246; 121; 0; 0; 0; 0; 0; 
131; 256; 121; 0; 0; 0; 0; 0; 
132; 230; 121; 0; 0; 0; 0; 0; 
133; 255; 121; 0; 0; 0; 0; 0; 
134; 212; 121; 0; 0; 0; 0; 0; 
135; 241; 121; 0; 0; 0; 0; 0; 
136; 1263; 209; 0; 0; 0; 0; 0; 
137; 1278; 209; 0; 0; 0; 0; 0; 
138; 1275; 209; 0; 0; 0; 0; 0; 
139; 1666; 209; 0; 0; 0; 0; 0; 
140; 1281; 209; 0; 0; 0; 0; 0; 
141; 1266; 209; 0; 0; 0; 0; 0; 
142; 1272; 209; 0; 0; 0; 0; 0; 
143; 1279; 209; 0; 0; 0; 0; 0; 
144; 1277; 209; 0; 0; 0; 0; 0; 
145; 1270; 209; 0; 0; 0; 0; 0; 
146; 1271; 209; 0; 0; 0; 0; 0; 
147; 1268; 209; 0; 0; 0; 0; 0; 
148; 1276; 209; 0; 0; 0; 0; 0; 
149; 1274; 209; 0; 0; 0; 0; 0; 
150; 1267; 209; 0; 0; 0; 0; 0; 
151; 1273; 209; 0; 0; 0; 0; 0; 
152; 1264; 209; 0; 0; 0; 0; 0; 
153; 1269; 209; 0; 0; 0; 0; 0; 
154; 1280; 209; 0; 0; 0; 0; 0; 
155; 1265; 209; 0; 0; 0; 0; 0; 
156; 1069; 210; 0; 0; 0; 0; 0; 
157; 1298; 210; 0; 0; 0; 0; 0; 
158; 1289; 210; 0; 0; 0; 0; 0; 
159; 1282; 210; 0; 0; 0; 0; 0; 
160; 1292; 210; 0; 0; 0; 0; 0; 
161; 1287; 210; 0; 0; 0; 0; 0; 
162; 1654; 210; 0; 0; 0; 0; 0; 
163; 1284; 210; 0; 0; 0; 0; 0; 
164; 1293; 210; 0; 0; 0; 0; 0; 
165; 1297; 210; 0; 0; 0; 0; 0; 
166; 1294; 210; 0; 0; 0; 0; 0; 
167; 1295; 210; 0; 0; 0; 0; 0; 
168; 1286; 210; 0; 0; 0; 0; 0; 
169; 1290; 210; 0; 0; 0; 0; 0; 
170; 1296; 210; 0; 0; 0; 0; 0; 
171; 1285; 210; 0; 0; 0; 0; 0; 
172; 1299; 210; 0; 0; 0; 0; 0; 
173; 1288; 210; 0; 0; 0; 0; 0; 
174; 1283; 210; 0; 0; 0; 0; 0; 
175; 1291; 210; 0; 0; 0; 0; 0; 
176; 249; 121; 0; 0; 0; 0; 0; 
177; 225; 121; 0; 0; 0; 0; 0; 
178; 239; 120; 0; 0; 0; 0; 0; 
179; 274; 120; 0; 0; 0; 0; 0; 
180; 281; 120; 0; 0; 0; 0; 0; 
181; 276; 120; 0; 0; 0; 0; 0; 
182; 269; 120; 0; 0; 0; 0; 0; 
183; 291; 120; 0; 0; 0; 0; 0; 
184; 261; 120; 0; 0; 0; 0; 0; 
185; 285; 120; 0; 0; 0; 0; 0; 
186; 290; 120; 0; 0; 0; 0; 0; 
187; 297; 120; 0; 0; 0; 0; 0; 
188; 885; 126; 0; 0; 0; 0; 0; 
189; 878; 126; 0; 0; 0; 0; 0; 
190; 898; 126; 0; 0; 0; 0; 0; 
191; 881; 126; 0; 0; 0; 0; 0; 
192; 891; 126; 0; 0; 0; 0; 0; 
193; 890; 126; 0; 0; 0; 0; 0; 
194; 882; 126; 0; 0; 0; 0; 0; 
195; 889; 126; 0; 0; 0; 0; 0; 
196; 897; 126; 0; 0; 0; 0; 0; 
197; 886; 126; 0; 0; 0; 0; 0; 
198; 875; 126; 0; 0; 0; 0; 0; 
199; 899; 126; 0; 0; 0; 0; 0; 
200; 871; 126; 0; 0; 0; 0; 0; 
201; 888; 126; 0; 0; 0; 0; 0; 
202; 877; 126; 0; 0; 0; 0; 0; 
203; 887; 126; 0; 0; 0; 0; 0; 
204; 869; 126; 0; 0; 0; 0; 0; 
205; 873; 126; 0; 0; 0; 0; 0; 
206; 895; 126; 0; 0; 0; 0; 0; 
207; 872; 126; 0; 0; 0; 0; 0; 
208; 869; 228; 0; 0; 0; 0; 0; 
209; 848; 228; 0; 0; 0; 0; 0; 
210; 265; 120; 0; 0; 0; 0; 0; 
211; 886; 228; 0; 0; 0; 0; 0; 
212; 873; 228; 0; 0; 0; 0; 0; 
213; 885; 228; 0; 0; 0; 0; 0; 
214; 878; 228; 0; 0; 0; 0; 0; 
215; 890; 228; 0; 0; 0; 0; 0; 
216; 871; 228; 0; 0; 0; 0; 0; 
217; 1334; 148; 0; 0; 0; 0; 0; 
218; 1333; 148; 0; 0; 0; 0; 0; 
219; 1336; 148; 0; 0; 0; 0; 0; 
220; 972; 148; 0; 0; 0; 0; 0; 
221; 1335; 148; 0; 0; 0; 0; 0; 
222; 1337; 148; 0; 0; 0; 0; 0; 
223; 1261; 148; 0; 0; 0; 0; 0; 
224; 1349; 148; 0; 0; 0; 0; 0; 
225; 1984; 124; 0; 0; 0; 0; 0; 
226; 1995; 124; 0; 0; 0; 0; 0; 
227; 2029; 199; 0; 0; 0; 0; 0; 
228; 1991; 200; 0; 0; 0; 0; 0; 
229; 696; 74; 0; 0; 0; 0; 0; 
230; 2048; 131; 0; 0; 0; 0; 0; 
231; 1318; 165; 0; 0; 0; 0; 0; 
232; 1334; 165; 0; 0; 0; 0; 0; 
233; 1658; 165; 0; 0; 0; 0; 0; 
234; 1369; 165; 0; 0; 0; 0; 0; 
235; 2373; 165; 0; 0; 0; 0; 0; 
236; 1355; 165; 0; 0; 0; 0; 0; 
237; 1372; 165; 0; 0; 0; 0; 0; 
238; 1655; 165; 0; 0; 0; 0; 0; 
239; 1261; 165; 0; 0; 0; 0; 0; 
240; 1306; 165; 0; 0; 0; 0; 0; 
241; 1370; 165; 0; 0; 0; 0; 0; 
242; 1349; 165; 0; 0; 0; 0; 0; 
243; 1376; 165; 0; 0; 0; 0; 0; 
244; 1316; 165; 0; 0; 0; 0; 0; 
245; 1350; 165; 0; 0; 0; 0; 0; 
246; 1659; 165; 0; 0; 0; 0; 0; 
247; 1366; 165; 0; 0; 0; 0; 0; 
248; 1364; 165; 0; 0; 0; 0; 0; 
249; 1358; 165; 0; 0; 0; 0; 0; 
250; 1360; 165; 0; 0; 0; 0; 0; 
251; 1374; 165; 0; 0; 0; 0; 0; 
252; 1375; 165; 0; 0; 0; 0; 0; 
253; 1356; 165; 0; 0; 0; 0; 0; 
254; 1329; 165; 0; 0; 0; 0; 0; 
255; 1348; 165; 0; 0; 0; 0; 0; 
256; 1657; 165; 0; 0; 0; 0; 0; 
257; 1362; 165; 0; 0; 0; 0; 0; 
258; 1377; 165; 0; 0; 0; 0; 0; 
259; 1373; 165; 0; 0; 0; 0; 0; 
260; 1656; 165; 0; 0; 0; 0; 0; 
261; 973; 165; 0; 0; 0; 0; 0; 
262; 1326; 165; 0; 0; 0; 0; 0; 
263; 1365; 165; 0; 0; 0; 0; 0; 
264; 1367; 165; 0; 0; 0; 0; 0; 
265; 1352; 165; 0; 0; 0; 0; 0; 
266; 1327; 165; 0; 0; 0; 0; 0; 
267; 1368; 165; 0; 0; 0; 0; 0; 
268; 1313; 165; 0; 0; 0; 0; 0; 
269; 1363; 165; 0; 0; 0; 0; 0; 
270; 1353; 165; 0; 0; 0; 0; 0; 
271; 1361; 165; 0; 0; 0; 0; 0; 
272; 1323; 165; 0; 0; 0; 0; 0; 
273; 1354; 165; 0; 0; 0; 0; 0; 
274; 1660; 165; 0; 0; 0; 0; 0; 
275; 1371; 165; 0; 0; 0; 0; 0; 
276; 1307; 165; 0; 0; 0; 0; 0; 
277; 1359; 165; 0; 0; 0; 0; 0; 
278; 1351; 165; 0; 0; 0; 0; 0; 
279; 1332; 165; 0; 0; 0; 0; 0; 
280; 1357; 165; 0; 0; 0; 0; 0; 
281; 1318; 164; 0; 0; 0; 0; 0; 
282; 1334; 164; 0; 0; 0; 0; 0; 
283; 1658; 164; 0; 0; 0; 0; 0; 
284; 1369; 164; 0; 0; 0; 0; 0; 
285; 2373; 164; 0; 0; 0; 0; 0; 
286; 1355; 164; 0; 0; 0; 0; 0; 
287; 1372; 164; 0; 0; 0; 0; 0; 
288; 1655; 164; 0; 0; 0; 0; 0; 
289; 1261; 164; 0; 0; 0; 0; 0; 
290; 1306; 164; 0; 0; 0; 0; 0; 
291; 1370; 164; 0; 0; 0; 0; 0; 
292; 1349; 164; 0; 0; 0; 0; 0; 
293; 1376; 164; 0; 0; 0; 0; 0; 
294; 1316; 164; 0; 0; 0; 0; 0; 
295; 1350; 164; 0; 0; 0; 0; 0; 
296; 1659; 164; 0; 0; 0; 0; 0; 
297; 1366; 164; 0; 0; 0; 0; 0; 
298; 1364; 164; 0; 0; 0; 0; 0; 
299; 1358; 164; 0; 0; 0; 0; 0; 
300; 1360; 164; 0; 0; 0; 0; 0; 
301; 1374; 164; 0; 0; 0; 0; 0; 
302; 1375; 164; 0; 0; 0; 0; 0; 
303; 1356; 164; 0; 0; 0; 0; 0; 
304; 1329; 164; 0; 0; 0; 0; 0; 
305; 1348; 164; 0; 0; 0; 0; 0; 
306; 1657; 164; 0; 0; 0; 0; 0; 
307; 1362; 164; 0; 0; 0; 0; 0; 
308; 1377; 164; 0; 0; 0; 0; 0; 
309; 1373; 164; 0; 0; 0; 0; 0; 
310; 1656; 164; 0; 0; 0; 0; 0; 
311; 973; 164; 0; 0; 0; 0; 0; 
312; 1326; 164; 0; 0; 0; 0; 0; 
313; 1365; 164; 0; 0; 0; 0; 0; 
314; 1367; 164; 0; 0; 0; 0; 0; 
315; 1352; 164; 0; 0; 0; 0; 0; 
316; 1327; 164; 0; 0; 0; 0; 0; 
317; 1368; 164; 0; 0; 0; 0; 0; 
318; 1313; 164; 0; 0; 0; 0; 0; 
319; 1363; 164; 0; 0; 0; 0; 0; 
320; 1353; 164; 0; 0; 0; 0; 0; 
321; 1361; 164; 0; 0; 0; 0; 0; 
322; 1323; 164; 0; 0; 0; 0; 0; 
323; 1354; 164; 0; 0; 0; 0; 0; 
324; 1660; 164; 0; 0; 0; 0; 0; 
325; 1371; 164; 0; 0; 0; 0; 0; 
326; 1307; 164; 0; 0; 0; 0; 0; 
327; 1359; 164; 0; 0; 0; 0; 0; 
328; 1351; 164; 0; 0; 0; 0; 0; 
329; 1332; 164; 0; 0; 0; 0; 0; 
330; 1357; 164; 0; 0; 0; 0; 0; 
331; 254; 121; 0; 0; 0; 0; 0; 
332; 242; 121; 0; 0; 0; 0; 0; 
333; 1006; 152; 0; 0; 0; 0; 0; 
334; 1008; 152; 0; 0; 0; 0; 0; 
335; 1003; 152; 0; 0; 0; 0; 0; 
336; 1004; 152; 0; 0; 0; 0; 0; 
337; 1014; 152; 0; 0; 0; 0; 0; 
338; 1017; 152; 0; 0; 0; 0; 0; 
339; 1018; 152; 0; 0; 0; 0; 0; 
340; 1019; 152; 0; 0; 0; 0; 0; 
341; 1673; 152; 0; 0; 0; 0; 0; 
342; 1977; 121; 0; 0; 0; 0; 0; 
343; 697; 74; 0; 0; 0; 0; 0; 
344; 698; 74; 0; 0; 0; 0; 0; 
345; 699; 74; 0; 0; 0; 0; 0; 
346; 700; 74; 0; 0; 0; 0; 0; 
347; 701; 74; 0; 0; 0; 0; 0; 
348; 702; 74; 0; 0; 0; 0; 0; 
349; 703; 74; 0; 0; 0; 0; 0; 
350; 704; 74; 0; 0; 0; 0; 0; 
351; 705; 74; 0; 0; 0; 0; 0; 
352; 706; 74; 0; 0; 0; 0; 0; 
353; 707; 74; 0; 0; 0; 0; 0; 
354; 708; 74; 0; 0; 0; 0; 0; 
355; 709; 74; 0; 0; 0; 0; 0; 
356; 710; 74; 0; 0; 0; 0; 0; 
357; 711; 74; 0; 0; 0; 0; 0; 
358; 712; 74; 0; 0; 0; 0; 0; 
359; 713; 74; 0; 0; 0; 0; 0; 
360; 714; 74; 0; 0; 0; 0; 0; 
361; 715; 74; 0; 0; 0; 0; 0; 
362; 716; 74; 0; 0; 0; 0; 0; 
363; 718; 74; 0; 0; 0; 0; 0; 
364; 719; 74; 0; 0; 0; 0; 0; 
365; 720; 74; 0; 0; 0; 0; 0; 
366; 721; 74; 0; 0; 0; 0; 0; 
367; 722; 74; 0; 0; 0; 0; 0; 
368; 723; 74; 0; 0; 0; 0; 0; 
369; 724; 74; 0; 0; 0; 0; 0; 
370; 725; 74; 0; 0; 0; 0; 0; 
371; 727; 74; 0; 0; 0; 0; 0; 
372; 728; 74; 0; 0; 0; 0; 0; 
373; 730; 74; 0; 0; 0; 0; 0; 
374; 731; 74; 0; 0; 0; 0; 0; 
375; 732; 74; 0; 0; 0; 0; 0; 
376; 733; 74; 0; 0; 0; 0; 0; 
377; 734; 74; 0; 0; 0; 0; 0; 
378; 735; 74; 0; 0; 0; 0; 0; 
379; 741; 74; 0; 0; 0; 0; 0; 
380; 746; 74; 0; 0; 0; 0; 0; 
381; 901; 74; 0; 0; 0; 0; 0; 
382; 1663; 74; 0; 0; 0; 0; 0; 
383; 696; 211; 0; 0; 0; 0; 0; 
384; 697; 211; 0; 0; 0; 0; 0; 
385; 698; 211; 0; 0; 0; 0; 0; 
386; 699; 211; 0; 0; 0; 0; 0; 
387; 700; 211; 0; 0; 0; 0; 0; 
388; 701; 211; 0; 0; 0; 0; 0; 
389; 702; 211; 0; 0; 0; 0; 0; 
390; 703; 211; 0; 0; 0; 0; 0; 
391; 705; 211; 0; 0; 0; 0; 0; 
392; 706; 211; 0; 0; 0; 0; 0; 
393; 707; 211; 0; 0; 0; 0; 0; 
394; 708; 211; 0; 0; 0; 0; 0; 
395; 709; 211; 0; 0; 0; 0; 0; 
396; 710; 211; 0; 0; 0; 0; 0; 
397; 711; 211; 0; 0; 0; 0; 0; 
398; 712; 211; 0; 0; 0; 0; 0; 
399; 713; 211; 0; 0; 0; 0; 0; 
400; 714; 211; 0; 0; 0; 0; 0; 
401; 715; 211; 0; 0; 0; 0; 0; 
402; 716; 211; 0; 0; 0; 0; 0; 
403; 717; 211; 0; 0; 0; 0; 0; 
404; 718; 211; 0; 0; 0; 0; 0; 
405; 719; 211; 0; 0; 0; 0; 0; 
406; 720; 211; 0; 0; 0; 0; 0; 
407; 721; 211; 0; 0; 0; 0; 0; 
408; 722; 211; 0; 0; 0; 0; 0; 
409; 723; 211; 0; 0; 0; 0; 0; 
410; 724; 211; 0; 0; 0; 0; 0; 
411; 725; 211; 0; 0; 0; 0; 0; 
412; 727; 211; 0; 0; 0; 0; 0; 
413; 728; 211; 0; 0; 0; 0; 0; 
414; 730; 211; 0; 0; 0; 0; 0; 
415; 731; 211; 0; 0; 0; 0; 0; 
416; 732; 211; 0; 0; 0; 0; 0; 
417; 733; 211; 0; 0; 0; 0; 0; 
418; 734; 211; 0; 0; 0; 0; 0; 
419; 735; 211; 0; 0; 0; 0; 0; 
420; 741; 211; 0; 0; 0; 0; 0; 
421; 746; 211; 0; 0; 0; 0; 0; 
422; 901; 211; 0; 0; 0; 0; 0; 
423; 1663; 211; 0; 0; 0; 0; 0; 
424; 21; 259; 0; 0; 0; 0; 0; 
425; 1556; 182; 0; 0; 0; 0; 0; 
426; 1558; 182; 0; 0; 0; 0; 0; 
427; 1559; 182; 0; 0; 0; 0; 0; 
428; 1560; 182; 0; 0; 0; 0; 0; 
429; 785; 187; 0; 0; 0; 0; 0; 
430; 758; 187; 0; 0; 0; 0; 0; 
431; 759; 187; 0; 0; 0; 0; 0; 
432; 760; 187; 0; 0; 0; 0; 0; 
433; 761; 187; 0; 0; 0; 0; 0; 
434; 793; 91; 0; 0; 0; 0; 0; 
435; 762; 187; 0; 0; 0; 0; 0; 
436; 763; 187; 0; 0; 0; 0; 0; 
437; 764; 187; 0; 0; 0; 0; 0; 
438; 765; 187; 0; 0; 0; 0; 0; 
439; 766; 187; 0; 0; 0; 0; 0; 
440; 767; 187; 0; 0; 0; 0; 0; 
441; 788; 91; 0; 0; 0; 0; 0; 
442; 789; 91; 0; 0; 0; 0; 0; 
443; 736; 78; 0; 0; 0; 0; 0; 
444; 737; 78; 0; 0; 0; 0; 0; 
445; 738; 78; 0; 0; 0; 0; 0; 
446; 740; 78; 0; 0; 0; 0; 0; 
447; 744; 78; 0; 0; 0; 0; 0; 
448; 747; 78; 0; 0; 0; 0; 0; 
449; 754; 78; 0; 0; 0; 0; 0; 
450; 696; 75; 0; 0; 0; 0; 0; 
451; 697; 75; 0; 0; 0; 0; 0; 
452; 698; 75; 0; 0; 0; 0; 0; 
453; 700; 75; 0; 0; 0; 0; 0; 
454; 703; 75; 0; 0; 0; 0; 0; 
455; 719; 75; 0; 0; 0; 0; 0; 
456; 769; 187; 0; 0; 0; 0; 0; 
457; 770; 187; 0; 0; 0; 0; 0; 
458; 771; 187; 0; 0; 0; 0; 0; 
459; 772; 187; 0; 0; 0; 0; 0; 
460; 773; 187; 0; 0; 0; 0; 0; 
461; 776; 187; 0; 0; 0; 0; 0; 
462; 777; 187; 0; 0; 0; 0; 0; 
463; 778; 187; 0; 0; 0; 0; 0; 
464; 779; 187; 0; 0; 0; 0; 0; 
465; 781; 187; 0; 0; 0; 0; 0; 
466; 782; 187; 0; 0; 0; 0; 0; 
467; 783; 187; 0; 0; 0; 0; 0; 
468; 784; 187; 0; 0; 0; 0; 0; 
469; 786; 187; 0; 0; 0; 0; 0; 
470; 2374; 187; 0; 0; 0; 0; 0; 
471; 21; 260; 0; 0; 0; 0; 0; 
472; 2782; 264; 0; 0; 0; 0; 0; 
473; 6; 264; 0; 0; 0; 0; 0; 
474; 2782; 266; 0; 0; 0; 0; 0; 
475; 21; 267; 0; 0; 0; 0; 0; 
476; 2915; 375; 0; 0; 0; 0; 0; 
477; 2919; 375; 0; 0; 0; 0; 0; 
478; 2924; 376; 0; 0; 0; 0; 0; 
479; 2929; 376; 0; 0; 0; 0; 0; 
480; 2932; 376; 0; 0; 0; 0; 0; 
481; 2936; 376; 0; 0; 0; 0; 0; 
482; 1403; 395; 0; 0; 0; 0; 0; 
483; 3014; 409; 0; 0; 0; 0; 0; 
484; 3179; 409; 0; 0; 0; 0; 0; 
485; 3176; 409; 0; 0; 0; 0; 0; 
486; 3175; 409; 0; 0; 0; 0; 0; 
487; 3172; 409; 0; 0; 0; 0; 0; 
488; 3173; 409; 0; 0; 0; 0; 0; 
489; 3180; 409; 0; 0; 0; 0; 0; 
490; 3178; 409; 0; 0; 0; 0; 0; 
491; 3171; 409; 0; 0; 0; 0; 0; 
492; 3174; 409; 0; 0; 0; 0; 0; 
493; 3177; 409; 0; 0; 0; 0; 0; 
494; 967; 344; 0; 0; 0; 0; 0; 
495; 1599; 323; 0; 0; 0; 0; 0; 
496; 1600; 323; 0; 0; 0; 0; 0; 
497; 1385; 310; 0; 0; 0; 0; 0; 
498; 1391; 310; 0; 0; 0; 0; 0; 
499; 3154; 310; 0; 0; 0; 0; 0; 
500; 3168; 310; 0; 0; 0; 0; 0; 
501; 1396; 310; 0; 0; 0; 0; 0; 
502; 1392; 310; 0; 0; 0; 0; 0; 
503; 1382; 310; 0; 0; 0; 0; 0; 
504; 2996; 310; 0; 0; 0; 0; 0; 
505; 1585; 310; 0; 0; 0; 0; 0; 
506; 1386; 310; 0; 0; 0; 0; 0; 
507; 1395; 310; 0; 0; 0; 0; 0; 
508; 1630; 310; 0; 0; 0; 0; 0; 
509; 1383; 310; 0; 0; 0; 0; 0; 
510; 1381; 310; 0; 0; 0; 0; 0; 
511; 1397; 310; 0; 0; 0; 0; 0; 
512; 1504; 310; 0; 0; 0; 0; 0; 
513; 1398; 310; 0; 0; 0; 0; 0; 
514; 1384; 310; 0; 0; 0; 0; 0; 
515; 1390; 310; 0; 0; 0; 0; 0; 
516; 1387; 310; 0; 0; 0; 0; 0; 
517; 1389; 310; 0; 0; 0; 0; 0; 
518; 1393; 310; 0; 0; 0; 0; 0; 
519; 1421; 331; 0; 0; 0; 0; 0; 
520; 1412; 331; 0; 0; 0; 0; 0; 
521; 1408; 331; 0; 0; 0; 0; 0; 
522; 1405; 331; 0; 0; 0; 0; 0; 
523; 1418; 331; 0; 0; 0; 0; 0; 
524; 1402; 331; 0; 0; 0; 0; 0; 
525; 1419; 331; 0; 0; 0; 0; 0; 
526; 1410; 331; 0; 0; 0; 0; 0; 
527; 1416; 331; 0; 0; 0; 0; 0; 
528; 1411; 331; 0; 0; 0; 0; 0; 
529; 1417; 331; 0; 0; 0; 0; 0; 
530; 1414; 331; 0; 0; 0; 0; 0; 
531; 1420; 331; 0; 0; 0; 0; 0; 
532; 1407; 331; 0; 0; 0; 0; 0; 
533; 1423; 331; 0; 0; 0; 0; 0; 
534; 1422; 331; 0; 0; 0; 0; 0; 
535; 215; 281; 0; 0; 0; 0; 0; 
536; 262; 281; 0; 0; 0; 0; 0; 
537; 261; 281; 0; 0; 0; 0; 0; 
538; 285; 281; 0; 0; 0; 0; 0; 
539; 293; 281; 0; 0; 0; 0; 0; 
540; 290; 281; 0; 0; 0; 0; 0; 
541; 284; 281; 0; 0; 0; 0; 0; 
542; 296; 281; 0; 0; 0; 0; 0; 
543; 263; 281; 0; 0; 0; 0; 0; 
544; 297; 281; 0; 0; 0; 0; 0; 
545; 288; 281; 0; 0; 0; 0; 0; 
546; 275; 281; 0; 0; 0; 0; 0; 
547; 272; 281; 0; 0; 0; 0; 0; 
548; 295; 281; 0; 0; 0; 0; 0; 
549; 289; 281; 0; 0; 0; 0; 0; 
550; 264; 281; 0; 0; 0; 0; 0; 
551; 286; 281; 0; 0; 0; 0; 0; 
552; 279; 281; 0; 0; 0; 0; 0; 
553; 294; 281; 0; 0; 0; 0; 0; 
554; 265; 281; 0; 0; 0; 0; 0; 
555; 266; 281; 0; 0; 0; 0; 0; 
556; 278; 281; 0; 0; 0; 0; 0; 
557; 277; 281; 0; 0; 0; 0; 0; 
558; 280; 281; 0; 0; 0; 0; 0; 
559; 270; 281; 0; 0; 0; 0; 0; 
560; 274; 281; 0; 0; 0; 0; 0; 
561; 281; 281; 0; 0; 0; 0; 0; 
562; 276; 281; 0; 0; 0; 0; 0; 
563; 269; 281; 0; 0; 0; 0; 0; 
564; 291; 281; 0; 0; 0; 0; 0; 
565; 268; 281; 0; 0; 0; 0; 0; 
566; 267; 281; 0; 0; 0; 0; 0; 
567; 282; 281; 0; 0; 0; 0; 0; 
568; 287; 281; 0; 0; 0; 0; 0; 
569; 292; 281; 0; 0; 0; 0; 0; 
570; 196; 282; 0; 0; 0; 0; 0; 
571; 230; 282; 0; 0; 0; 0; 0; 
572; 1977; 282; 0; 0; 0; 0; 0; 
573; 224; 282; 0; 0; 0; 0; 0; 
574; 1978; 282; 0; 0; 0; 0; 0; 
575; 238; 282; 0; 0; 0; 0; 0; 
576; 249; 282; 0; 0; 0; 0; 0; 
577; 197; 282; 0; 0; 0; 0; 0; 
578; 232; 282; 0; 0; 0; 0; 0; 
579; 209; 282; 0; 0; 0; 0; 0; 
580; 206; 282; 0; 0; 0; 0; 0; 
581; 3026; 282; 0; 0; 0; 0; 0; 
582; 260; 282; 0; 0; 0; 0; 0; 
583; 203; 282; 0; 0; 0; 0; 0; 
584; 198; 282; 0; 0; 0; 0; 0; 
585; 258; 282; 0; 0; 0; 0; 0; 
586; 222; 282; 0; 0; 0; 0; 0; 
587; 245; 282; 0; 0; 0; 0; 0; 
588; 214; 282; 0; 0; 0; 0; 0; 
589; 236; 282; 0; 0; 0; 0; 0; 
590; 207; 282; 0; 0; 0; 0; 0; 
591; 218; 282; 0; 0; 0; 0; 0; 
592; 223; 282; 0; 0; 0; 0; 0; 
593; 226; 282; 0; 0; 0; 0; 0; 
594; 204; 282; 0; 0; 0; 0; 0; 
595; 247; 282; 0; 0; 0; 0; 0; 
596; 250; 282; 0; 0; 0; 0; 0; 
597; 259; 282; 0; 0; 0; 0; 0; 
598; 210; 282; 0; 0; 0; 0; 0; 
599; 200; 282; 0; 0; 0; 0; 0; 
600; 217; 282; 0; 0; 0; 0; 0; 
601; 237; 282; 0; 0; 0; 0; 0; 
602; 243; 282; 0; 0; 0; 0; 0; 
603; 252; 282; 0; 0; 0; 0; 0; 
604; 208; 282; 0; 0; 0; 0; 0; 
605; 231; 282; 0; 0; 0; 0; 0; 
606; 234; 282; 0; 0; 0; 0; 0; 
607; 228; 282; 0; 0; 0; 0; 0; 
608; 227; 282; 0; 0; 0; 0; 0; 
609; 246; 282; 0; 0; 0; 0; 0; 
610; 256; 282; 0; 0; 0; 0; 0; 
611; 244; 282; 0; 0; 0; 0; 0; 
612; 229; 282; 0; 0; 0; 0; 0; 
613; 235; 282; 0; 0; 0; 0; 0; 
614; 239; 282; 0; 0; 0; 0; 0; 
615; 201; 282; 0; 0; 0; 0; 0; 
616; 257; 282; 0; 0; 0; 0; 0; 
617; 216; 282; 0; 0; 0; 0; 0; 
618; 240; 282; 0; 0; 0; 0; 0; 
619; 255; 282; 0; 0; 0; 0; 0; 
620; 202; 282; 0; 0; 0; 0; 0; 
621; 233; 282; 0; 0; 0; 0; 0; 
622; 212; 282; 0; 0; 0; 0; 0; 
623; 1979; 282; 0; 0; 0; 0; 0; 
624; 254; 282; 0; 0; 0; 0; 0; 
625; 221; 282; 0; 0; 0; 0; 0; 
626; 225; 282; 0; 0; 0; 0; 0; 
627; 241; 282; 0; 0; 0; 0; 0; 
628; 213; 282; 0; 0; 0; 0; 0; 
629; 3014; 460; 0; 0; 0; 0; 0; 
630; 3179; 460; 0; 0; 0; 0; 0; 
631; 3176; 460; 0; 0; 0; 0; 0; 
632; 3175; 460; 0; 0; 0; 0; 0; 
633; 3172; 460; 0; 0; 0; 0; 0; 
634; 3173; 460; 0; 0; 0; 0; 0; 
635; 3180; 460; 0; 0; 0; 0; 0; 
636; 3178; 460; 0; 0; 0; 0; 0; 
637; 3171; 460; 0; 0; 0; 0; 0; 
638; 3174; 460; 0; 0; 0; 0; 0; 
639; 3177; 460; 0; 0; 0; 0; 0; 
640; 3313; 505; 0; 0; 0; 0; 0; 
641; 3311; 505; 0; 0; 0; 0; 0; 
642; 3315; 505; 0; 0; 0; 0; 0; 
643; 3316; 505; 0; 0; 0; 0; 0; 
644; 1586; 505; 0; 0; 0; 0; 0; 
645; 261; 385; 0; 0; 0; 0; 0; 
646; 215; 385; 1; 2; 0; 0; 0; 
647; 262; 385; 0; 0; 0; 0; 0; 
648; 263; 385; 0; 0; 0; 0; 0; 
649; 264; 385; 0; 0; 0; 0; 0; 
650; 265; 385; 0; 0; 0; 0; 0; 
651; 266; 385; 0; 0; 0; 0; 0; 
652; 268; 385; 0; 0; 0; 0; 0; 
653; 269; 385; 0; 0; 0; 0; 0; 
654; 270; 385; 0; 0; 0; 0; 0; 
655; 274; 385; 0; 0; 0; 0; 0; 
656; 275; 385; 0; 0; 0; 0; 0; 
657; 276; 385; 0; 0; 0; 0; 0; 
658; 279; 385; 0; 0; 0; 0; 0; 
659; 280; 385; 0; 0; 0; 0; 0; 
660; 282; 385; 0; 0; 0; 0; 0; 
661; 284; 385; 0; 0; 0; 0; 0; 
662; 285; 385; 0; 0; 0; 0; 0; 
663; 286; 385; 0; 0; 0; 0; 0; 
664; 287; 385; 0; 0; 0; 0; 0; 
665; 288; 385; 0; 0; 0; 0; 0; 
666; 289; 385; 0; 0; 0; 0; 0; 
667; 290; 385; 0; 0; 0; 0; 0; 
668; 292; 385; 0; 0; 0; 0; 0; 
669; 293; 385; 0; 0; 0; 0; 0; 
670; 294; 385; 0; 0; 0; 0; 0; 
671; 295; 385; 0; 0; 0; 0; 0; 
672; 297; 385; 0; 0; 0; 0; 0; 
673; 277; 385; 0; 0; 0; 0; 0; 
674; 196; 384; 0; 0; 0; 0; 0; 
675; 197; 384; 0; 0; 0; 0; 0; 
676; 198; 384; 0; 0; 0; 0; 0; 
677; 200; 384; 0; 0; 0; 0; 0; 
678; 201; 384; 0; 0; 0; 0; 0; 
679; 202; 384; 0; 0; 0; 0; 0; 
680; 203; 384; 0; 0; 0; 0; 0; 
681; 207; 384; 0; 0; 0; 0; 0; 
682; 208; 384; 0; 0; 0; 0; 0; 
683; 209; 384; 0; 0; 0; 0; 0; 
684; 210; 384; 0; 0; 0; 0; 0; 
685; 212; 384; 0; 0; 0; 0; 0; 
686; 214; 384; 0; 0; 0; 0; 0; 
687; 216; 384; 0; 0; 0; 0; 0; 
688; 217; 384; 0; 0; 0; 0; 0; 
689; 218; 384; 0; 0; 0; 0; 0; 
690; 221; 384; 0; 0; 0; 0; 0; 
691; 222; 384; 0; 0; 0; 0; 0; 
692; 223; 384; 0; 0; 0; 0; 0; 
693; 224; 384; 0; 0; 0; 0; 0; 
694; 225; 384; 0; 0; 0; 0; 0; 
695; 226; 384; 0; 0; 0; 0; 0; 
696; 227; 384; 0; 0; 0; 0; 0; 
697; 228; 384; 0; 0; 0; 0; 0; 
698; 229; 384; 0; 0; 0; 0; 0; 
699; 231; 384; 0; 0; 0; 0; 0; 
700; 232; 384; 0; 0; 0; 0; 0; 
701; 233; 384; 0; 0; 0; 0; 0; 
702; 234; 384; 0; 0; 0; 0; 0; 
703; 235; 384; 0; 0; 0; 0; 0; 
704; 237; 384; 0; 0; 0; 0; 0; 
705; 238; 384; 0; 0; 0; 0; 0; 
706; 239; 384; 0; 0; 0; 0; 0; 
707; 241; 384; 0; 0; 0; 0; 0; 
708; 243; 384; 0; 0; 0; 0; 0; 
709; 245; 384; 0; 0; 0; 0; 0; 
710; 246; 384; 0; 0; 0; 0; 0; 
711; 247; 384; 0; 0; 0; 0; 0; 
712; 249; 384; 0; 0; 0; 0; 0; 
713; 250; 384; 0; 0; 0; 0; 0; 
714; 252; 384; 0; 0; 0; 0; 0; 
715; 254; 384; 0; 0; 0; 0; 0; 
716; 255; 384; 0; 0; 0; 0; 0; 
717; 256; 384; 0; 0; 0; 0; 0; 
718; 257; 384; 0; 0; 0; 0; 0; 
719; 258; 384; 0; 0; 0; 0; 0; 
720; 259; 384; 0; 0; 0; 0; 0; 
721; 260; 384; 0; 0; 0; 0; 0; 
722; 3310; 542; 0; 0; 0; 0; 0; 
723; 3318; 542; 0; 0; 0; 0; 0; 
724; 3311; 542; 0; 0; 0; 0; 0; 
725; 3312; 542; 0; 0; 0; 0; 0; 
726; 197; 484; 0; 0; 0; 0; 0; 
727; 198; 484; 0; 0; 0; 0; 0; 
728; 200; 484; 0; 0; 0; 0; 0; 
729; 201; 484; 0; 0; 0; 0; 0; 
730; 202; 484; 0; 0; 0; 0; 0; 
731; 203; 484; 0; 0; 0; 0; 0; 
732; 207; 484; 0; 0; 0; 0; 0; 
733; 208; 484; 0; 0; 0; 0; 0; 
734; 209; 484; 0; 0; 0; 0; 0; 
735; 212; 484; 0; 0; 0; 0; 0; 
736; 214; 484; 0; 0; 0; 0; 0; 
737; 216; 484; 0; 0; 0; 0; 0; 
738; 217; 484; 0; 0; 0; 0; 0; 
739; 218; 484; 0; 0; 0; 0; 0; 
740; 222; 484; 0; 0; 0; 0; 0; 
741; 223; 484; 0; 0; 0; 0; 0; 
742; 224; 484; 0; 0; 0; 0; 0; 
743; 225; 484; 0; 0; 0; 0; 0; 
744; 227; 484; 0; 0; 0; 0; 0; 
745; 228; 484; 0; 0; 0; 0; 0; 
746; 229; 484; 0; 0; 0; 0; 0; 
747; 231; 484; 0; 0; 0; 0; 0; 
748; 232; 484; 0; 0; 0; 0; 0; 
749; 238; 484; 0; 0; 0; 0; 0; 
750; 239; 484; 0; 0; 0; 0; 0; 
751; 243; 484; 0; 0; 0; 0; 0; 
752; 246; 484; 0; 0; 0; 0; 0; 
753; 247; 484; 0; 0; 0; 0; 0; 
754; 249; 484; 0; 0; 0; 0; 0; 
755; 250; 484; 0; 0; 0; 0; 0; 
756; 254; 484; 0; 0; 0; 0; 0; 
757; 255; 484; 0; 0; 0; 0; 0; 
758; 257; 484; 0; 0; 0; 0; 0; 
759; 259; 484; 0; 0; 0; 0; 0; 
760; 260; 484; 0; 0; 0; 0; 0; 
761; 245; 484; 0; 0; 0; 0; 0; 
762; 256; 484; 0; 0; 0; 0; 0; 
763; 262; 485; 0; 0; 0; 0; 0; 
764; 264; 485; 0; 0; 0; 0; 0; 
765; 266; 485; 0; 0; 0; 0; 0; 
766; 268; 485; 0; 0; 0; 0; 0; 
767; 269; 485; 0; 0; 0; 0; 0; 
768; 270; 485; 0; 0; 0; 0; 0; 
769; 274; 485; 0; 0; 0; 0; 0; 
770; 275; 485; 0; 0; 0; 0; 0; 
771; 280; 485; 0; 0; 0; 0; 0; 
772; 281; 485; 0; 0; 0; 0; 0; 
773; 282; 485; 0; 0; 0; 0; 0; 
774; 284; 485; 0; 0; 0; 0; 0; 
775; 285; 485; 0; 0; 0; 0; 0; 
776; 286; 485; 0; 0; 0; 0; 0; 
777; 287; 485; 0; 0; 0; 0; 0; 
778; 289; 485; 0; 0; 0; 0; 0; 
779; 292; 485; 0; 0; 0; 0; 0; 
780; 293; 485; 0; 0; 0; 0; 0; 
781; 294; 485; 0; 0; 0; 0; 0; 
782; 295; 485; 0; 0; 0; 0; 0; 
783; 297; 485; 0; 0; 0; 0; 0; 
784; 969; 390; 0; 0; 0; 0; 0; 
785; 969; 461; 0; 0; 0; 0; 0; 
786; 1625; 391; 0; 0; 0; 0; 0; 
787; 1625; 463; 0; 0; 0; 0; 0; 
788; 1480; 463; 0; 0; 0; 0; 0; 
789; 1445; 393; 0; 0; 0; 0; 0; 
790; 1636; 393; 0; 0; 0; 0; 0; 
791; 1434; 393; 0; 0; 0; 0; 0; 
792; 1436; 393; 0; 0; 0; 0; 0; 
793; 1447; 393; 0; 0; 0; 0; 0; 
794; 1432; 393; 0; 0; 0; 0; 0; 
795; 1438; 393; 0; 0; 0; 0; 0; 
796; 1435; 393; 0; 0; 0; 0; 0; 
797; 1429; 393; 0; 0; 0; 0; 0; 
798; 1442; 393; 0; 0; 0; 0; 0; 
799; 1439; 393; 0; 0; 0; 0; 0; 
800; 1433; 393; 0; 0; 0; 0; 0; 
801; 1440; 393; 0; 0; 0; 0; 0; 
802; 1426; 393; 0; 0; 0; 0; 0; 
803; 261; 411; 0; 0; 0; 0; 0; 
804; 262; 411; 0; 0; 0; 0; 0; 
805; 263; 411; 0; 0; 0; 0; 0; 
806; 264; 411; 0; 0; 0; 0; 0; 
807; 265; 411; 0; 0; 0; 0; 0; 
808; 266; 411; 0; 0; 0; 0; 0; 
809; 267; 411; 0; 0; 0; 0; 0; 
810; 268; 411; 0; 0; 0; 0; 0; 
811; 269; 411; 0; 0; 0; 0; 0; 
812; 270; 411; 0; 0; 0; 0; 0; 
813; 274; 411; 0; 0; 0; 0; 0; 
814; 275; 411; 0; 0; 0; 0; 0; 
815; 276; 411; 0; 0; 0; 0; 0; 
816; 280; 411; 0; 0; 0; 0; 0; 
817; 281; 411; 0; 0; 0; 0; 0; 
818; 282; 411; 0; 0; 0; 0; 0; 
819; 284; 411; 0; 0; 0; 0; 0; 
820; 285; 411; 0; 0; 0; 0; 0; 
821; 286; 411; 0; 0; 0; 0; 0; 
822; 287; 411; 0; 0; 0; 0; 0; 
823; 288; 411; 0; 0; 0; 0; 0; 
824; 290; 411; 0; 0; 0; 0; 0; 
825; 291; 411; 0; 0; 0; 0; 0; 
826; 292; 411; 0; 0; 0; 0; 0; 
827; 293; 411; 0; 0; 0; 0; 0; 
828; 294; 411; 0; 0; 0; 0; 0; 
829; 295; 411; 0; 0; 0; 0; 0; 
830; 296; 411; 0; 0; 0; 0; 0; 
831; 297; 411; 0; 0; 0; 0; 0; 
832; 197; 410; 0; 0; 0; 0; 0; 
833; 198; 410; 0; 0; 0; 0; 0; 
834; 200; 410; 0; 0; 0; 0; 0; 
835; 201; 410; 0; 0; 0; 0; 0; 
836; 202; 410; 0; 0; 0; 0; 0; 
837; 203; 410; 0; 0; 0; 0; 0; 
838; 207; 410; 0; 0; 0; 0; 0; 
839; 208; 410; 0; 0; 0; 0; 0; 
840; 209; 410; 0; 0; 0; 0; 0; 
841; 210; 410; 0; 0; 0; 0; 0; 
842; 212; 410; 0; 0; 0; 0; 0; 
843; 214; 410; 0; 0; 0; 0; 0; 
844; 216; 410; 0; 0; 0; 0; 0; 
845; 217; 410; 0; 0; 0; 0; 0; 
846; 218; 410; 0; 0; 0; 0; 0; 
847; 221; 410; 0; 0; 0; 0; 0; 
848; 222; 410; 0; 0; 0; 0; 0; 
849; 223; 410; 0; 0; 0; 0; 0; 
850; 224; 410; 0; 0; 0; 0; 0; 
851; 225; 410; 0; 0; 0; 0; 0; 
852; 226; 410; 0; 0; 0; 0; 0; 
853; 227; 410; 0; 0; 0; 0; 0; 
854; 228; 410; 0; 0; 0; 0; 0; 
855; 229; 410; 0; 0; 0; 0; 0; 
856; 231; 410; 0; 0; 0; 0; 0; 
857; 232; 410; 0; 0; 0; 0; 0; 
858; 233; 410; 0; 0; 0; 0; 0; 
859; 234; 410; 0; 0; 0; 0; 0; 
860; 237; 410; 0; 0; 0; 0; 0; 
861; 239; 410; 0; 0; 0; 0; 0; 
862; 241; 410; 0; 0; 0; 0; 0; 
863; 243; 410; 0; 0; 0; 0; 0; 
864; 245; 410; 0; 0; 0; 0; 0; 
865; 246; 410; 0; 0; 0; 0; 0; 
866; 247; 410; 0; 0; 0; 0; 0; 
867; 249; 410; 0; 0; 0; 0; 0; 
868; 250; 410; 0; 0; 0; 0; 0; 
869; 252; 410; 0; 0; 0; 0; 0; 
870; 254; 410; 0; 0; 0; 0; 0; 
871; 255; 410; 0; 0; 0; 0; 0; 
872; 256; 410; 0; 0; 0; 0; 0; 
873; 257; 410; 0; 0; 0; 0; 0; 
874; 258; 410; 0; 0; 0; 0; 0; 
875; 259; 410; 0; 0; 0; 0; 0; 
876; 260; 410; 0; 0; 0; 0; 0; 
877; 238; 410; 0; 0; 0; 0; 0; 
878; 1600; 325; 0; 0; 0; 0; 0; 
879; 1599; 325; 0; 0; 0; 0; 0; 
880; 1600; 327; 0; 0; 0; 0; 0; 
881; 1599; 327; 0; 0; 0; 0; 0; 
882; 967; 345; 0; 0; 0; 0; 0; 
883; 967; 346; 0; 0; 0; 0; 0; 
884; 1391; 311; 0; 0; 0; 0; 0; 
885; 3154; 311; 0; 0; 0; 0; 0; 
886; 3168; 311; 0; 0; 0; 0; 0; 
887; 1396; 311; 0; 0; 0; 0; 0; 
888; 1392; 311; 0; 0; 0; 0; 0; 
889; 1382; 311; 0; 0; 0; 0; 0; 
890; 2996; 311; 0; 0; 0; 0; 0; 
891; 1585; 311; 0; 0; 0; 0; 0; 
892; 1386; 311; 0; 0; 0; 0; 0; 
893; 1395; 311; 0; 0; 0; 0; 0; 
894; 1381; 311; 0; 0; 0; 0; 0; 
895; 1397; 311; 0; 0; 0; 0; 0; 
896; 1504; 311; 0; 0; 0; 0; 0; 
897; 1398; 311; 0; 0; 0; 0; 0; 
898; 1385; 311; 0; 0; 0; 0; 0; 
899; 1384; 311; 0; 0; 0; 0; 0; 
900; 1390; 311; 0; 0; 0; 0; 0; 
901; 1387; 311; 0; 0; 0; 0; 0; 
902; 1389; 311; 0; 0; 0; 0; 0; 
903; 1393; 311; 0; 0; 0; 0; 0; 
904; 1383; 311; 0; 0; 0; 0; 0; 
905; 1630; 311; 0; 0; 0; 0; 0; 
906; 1391; 312; 0; 0; 0; 0; 0; 
907; 3154; 312; 0; 0; 0; 0; 0; 
908; 3168; 312; 0; 0; 0; 0; 0; 
909; 1396; 312; 0; 0; 0; 0; 0; 
910; 1392; 312; 0; 0; 0; 0; 0; 
911; 1382; 312; 0; 0; 0; 0; 0; 
912; 2996; 312; 0; 0; 0; 0; 0; 
913; 1585; 312; 0; 0; 0; 0; 0; 
914; 1386; 312; 0; 0; 0; 0; 0; 
915; 1395; 312; 0; 0; 0; 0; 0; 
916; 1630; 312; 0; 0; 0; 0; 0; 
917; 1383; 312; 0; 0; 0; 0; 0; 
918; 1381; 312; 0; 0; 0; 0; 0; 
919; 1397; 312; 0; 0; 0; 0; 0; 
920; 1504; 312; 0; 0; 0; 0; 0; 
921; 1398; 312; 0; 0; 0; 0; 0; 
922; 1385; 312; 0; 0; 0; 0; 0; 
923; 1384; 312; 0; 0; 0; 0; 0; 
924; 1390; 312; 0; 0; 0; 0; 0; 
925; 1387; 312; 0; 0; 0; 0; 0; 
926; 1389; 312; 0; 0; 0; 0; 0; 
927; 1393; 312; 0; 0; 0; 0; 0; 
928; 1421; 333; 0; 0; 0; 0; 0; 
929; 1412; 333; 0; 0; 0; 0; 0; 
930; 1408; 333; 0; 0; 0; 0; 0; 
931; 1405; 333; 0; 0; 0; 0; 0; 
932; 1418; 333; 0; 0; 0; 0; 0; 
933; 1402; 333; 0; 0; 0; 0; 0; 
934; 1419; 333; 0; 0; 0; 0; 0; 
935; 1410; 333; 0; 0; 0; 0; 0; 
936; 1416; 333; 0; 0; 0; 0; 0; 
937; 1411; 333; 0; 0; 0; 0; 0; 
938; 1417; 333; 0; 0; 0; 0; 0; 
939; 1414; 333; 0; 0; 0; 0; 0; 
940; 1420; 333; 0; 0; 0; 0; 0; 
941; 1407; 333; 0; 0; 0; 0; 0; 
942; 1423; 333; 0; 0; 0; 0; 0; 
943; 1424; 333; 0; 0; 0; 0; 0; 
944; 1421; 335; 0; 0; 0; 0; 0; 
945; 1412; 335; 0; 0; 0; 0; 0; 
946; 1408; 335; 0; 0; 0; 0; 0; 
947; 1405; 335; 0; 0; 0; 0; 0; 
948; 1418; 335; 0; 0; 0; 0; 0; 
949; 1402; 335; 0; 0; 0; 0; 0; 
950; 1419; 335; 0; 0; 0; 0; 0; 
951; 1410; 335; 0; 0; 0; 0; 0; 
952; 1416; 335; 0; 0; 0; 0; 0; 
953; 1411; 335; 0; 0; 0; 0; 0; 
954; 1417; 335; 0; 0; 0; 0; 0; 
955; 1414; 335; 0; 0; 0; 0; 0; 
956; 1420; 335; 0; 0; 0; 0; 0; 
957; 1407; 335; 0; 0; 0; 0; 0; 
958; 1423; 335; 0; 0; 0; 0; 0; 
959; 1424; 335; 0; 0; 0; 0; 0; 
960; 1446; 393; 0; 0; 0; 0; 0; 
961; 1428; 393; 0; 0; 0; 0; 0; 
962; 1430; 393; 0; 0; 0; 0; 0; 
963; 1443; 393; 0; 0; 0; 0; 0; 
964; 1441; 393; 0; 0; 0; 0; 0; 
965; 1425; 393; 0; 0; 0; 0; 0; 
966; 1427; 465; 0; 0; 0; 0; 0; 
967; 1446; 465; 0; 0; 0; 0; 0; 
968; 1428; 465; 0; 0; 0; 0; 0; 
969; 1430; 465; 0; 0; 0; 0; 0; 
970; 1443; 465; 0; 0; 0; 0; 0; 
971; 1441; 465; 0; 0; 0; 0; 0; 
972; 1445; 465; 0; 0; 0; 0; 0; 
973; 1636; 465; 0; 0; 0; 0; 0; 
974; 1434; 465; 0; 0; 0; 0; 0; 
975; 1436; 465; 0; 0; 0; 0; 0; 
976; 1447; 465; 0; 0; 0; 0; 0; 
977; 1432; 465; 0; 0; 0; 0; 0; 
978; 1438; 465; 0; 0; 0; 0; 0; 
979; 1444; 465; 0; 0; 0; 0; 0; 
980; 1435; 465; 0; 0; 0; 0; 0; 
981; 1429; 465; 0; 0; 0; 0; 0; 
982; 1433; 465; 0; 0; 0; 0; 0; 
983; 1440; 465; 0; 0; 0; 0; 0; 
984; 1437; 465; 0; 0; 0; 0; 0; 
985; 1447; 494; 0; 0; 0; 0; 0; 
986; 1429; 494; 0; 0; 0; 0; 0; 
987; 1431; 494; 0; 0; 0; 0; 0; 
988; 1440; 494; 0; 0; 0; 0; 0; 
989; 1428; 494; 0; 0; 0; 0; 0; 
990; 1443; 494; 0; 0; 0; 0; 0; 
991; 1403; 396; 0; 0; 0; 0; 0; 
992; 1486; 396; 0; 0; 0; 0; 0; 
993; 1489; 396; 0; 0; 0; 0; 0; 
994; 1492; 396; 0; 0; 0; 0; 0; 
995; 1475; 396; 0; 0; 0; 0; 0; 
996; 1490; 396; 0; 0; 0; 0; 0; 
997; 1493; 396; 0; 0; 0; 0; 0; 
998; 1477; 396; 0; 0; 0; 0; 0; 
999; 1483; 396; 0; 0; 0; 0; 0; 
1000; 1653; 396; 0; 0; 0; 0; 0; 
1001; 1485; 396; 0; 0; 0; 0; 0; 
1002; 1472; 396; 0; 0; 0; 0; 0; 
1003; 1484; 396; 0; 0; 0; 0; 0; 
1004; 1487; 396; 0; 0; 0; 0; 0; 
1005; 1482; 396; 0; 0; 0; 0; 0; 
1006; 1478; 396; 0; 0; 0; 0; 0; 
1007; 1474; 396; 0; 0; 0; 0; 0; 
1008; 1403; 466; 0; 0; 0; 0; 0; 
1009; 1473; 466; 0; 0; 0; 0; 0; 
1010; 1486; 466; 0; 0; 0; 0; 0; 
1011; 1489; 466; 0; 0; 0; 0; 0; 
1012; 1492; 466; 0; 0; 0; 0; 0; 
1013; 1475; 466; 0; 0; 0; 0; 0; 
1014; 1493; 466; 0; 0; 0; 0; 0; 
1015; 1653; 466; 0; 0; 0; 0; 0; 
1016; 1485; 466; 0; 0; 0; 0; 0; 
1017; 1472; 466; 0; 0; 0; 0; 0; 
1018; 1479; 466; 0; 0; 0; 0; 0; 
1019; 1484; 466; 0; 0; 0; 0; 0; 
1020; 1487; 466; 0; 0; 0; 0; 0; 
1021; 1482; 466; 0; 0; 0; 0; 0; 
1022; 1478; 466; 0; 0; 0; 0; 0; 
1023; 1474; 466; 0; 0; 0; 0; 0; 
1024; 1403; 498; 0; 0; 0; 0; 0; 
1025; 1489; 498; 0; 0; 0; 0; 0; 
1026; 1492; 498; 0; 0; 0; 0; 0; 
1027; 1493; 498; 0; 0; 0; 0; 0; 
1028; 1485; 498; 0; 0; 0; 0; 0; 
1029; 1490; 498; 0; 0; 0; 0; 0; 
1030; 1511; 397; 0; 0; 0; 0; 0; 
1031; 1503; 397; 0; 0; 0; 0; 0; 
1032; 1522; 397; 0; 0; 0; 0; 0; 
1033; 2998; 397; 0; 0; 0; 0; 0; 
1034; 1500; 397; 0; 0; 0; 0; 0; 
1035; 1501; 397; 0; 0; 0; 0; 0; 
1036; 1516; 397; 0; 0; 0; 0; 0; 
1037; 1515; 397; 0; 0; 0; 0; 0; 
1038; 1520; 397; 0; 0; 0; 0; 0; 
1039; 1512; 397; 0; 0; 0; 0; 0; 
1040; 1508; 397; 0; 0; 0; 0; 0; 
1041; 3155; 397; 0; 0; 0; 0; 0; 
1042; 1509; 397; 0; 0; 0; 0; 0; 
1043; 1502; 397; 0; 0; 0; 0; 0; 
1044; 1498; 397; 0; 0; 0; 0; 0; 
1045; 1517; 397; 0; 0; 0; 0; 0; 
1046; 1513; 397; 0; 0; 0; 0; 0; 
1047; 1497; 397; 0; 0; 0; 0; 0; 
1048; 1399; 397; 0; 0; 0; 0; 0; 
1049; 1499; 397; 0; 0; 0; 0; 0; 
1050; 1511; 470; 0; 0; 0; 0; 0; 
1051; 1522; 470; 0; 0; 0; 0; 0; 
1052; 2998; 470; 0; 0; 0; 0; 0; 
1053; 1500; 470; 0; 0; 0; 0; 0; 
1054; 1501; 470; 0; 0; 0; 0; 0; 
1055; 1515; 470; 0; 0; 0; 0; 0; 
1056; 1520; 470; 0; 0; 0; 0; 0; 
1057; 1512; 470; 0; 0; 0; 0; 0; 
1058; 3230; 470; 0; 0; 0; 0; 0; 
1059; 1508; 470; 0; 0; 0; 0; 0; 
1060; 3155; 470; 0; 0; 0; 0; 0; 
1061; 1509; 470; 0; 0; 0; 0; 0; 
1062; 1502; 470; 0; 0; 0; 0; 0; 
1063; 1498; 470; 0; 0; 0; 0; 0; 
1064; 1517; 470; 0; 0; 0; 0; 0; 
1065; 1513; 470; 0; 0; 0; 0; 0; 
1066; 1497; 470; 0; 0; 0; 0; 0; 
1067; 1399; 470; 0; 0; 0; 0; 0; 
1068; 1499; 470; 0; 0; 0; 0; 0; 
1069; 1026; 470; 0; 0; 0; 0; 0; 
1070; 1503; 499; 0; 0; 0; 0; 0; 
1071; 1522; 499; 0; 0; 0; 0; 0; 
1072; 1520; 499; 0; 0; 0; 0; 0; 
1073; 1512; 499; 0; 0; 0; 0; 0; 
1074; 1508; 499; 0; 0; 0; 0; 0; 
1075; 1498; 499; 0; 0; 0; 0; 0; 
1076; 1517; 499; 0; 0; 0; 0; 0; 
1077; 1399; 499; 0; 0; 0; 0; 0; 
1078; 1461; 394; 0; 0; 0; 0; 0; 
1079; 2997; 394; 0; 0; 0; 0; 0; 
1080; 1453; 394; 0; 0; 0; 0; 0; 
1081; 1290; 394; 0; 0; 0; 0; 0; 
1082; 1451; 394; 0; 0; 0; 0; 0; 
1083; 1464; 394; 0; 0; 0; 0; 0; 
1084; 1460; 394; 0; 0; 0; 0; 0; 
1085; 1454; 394; 0; 0; 0; 0; 0; 
1086; 1458; 394; 0; 0; 0; 0; 0; 
1087; 1465; 394; 0; 0; 0; 0; 0; 
1088; 1455; 394; 0; 0; 0; 0; 0; 
1089; 1449; 394; 0; 0; 0; 0; 0; 
1090; 1462; 394; 0; 0; 0; 0; 0; 
1091; 1456; 394; 0; 0; 0; 0; 0; 
1092; 1466; 394; 0; 0; 0; 0; 0; 
1093; 1469; 394; 0; 0; 0; 0; 0; 
1094; 1461; 464; 0; 0; 0; 0; 0; 
1095; 2997; 464; 0; 0; 0; 0; 0; 
1096; 1453; 464; 0; 0; 0; 0; 0; 
1097; 1290; 464; 0; 0; 0; 0; 0; 
1098; 1459; 464; 0; 0; 0; 0; 0; 
1099; 1451; 464; 0; 0; 0; 0; 0; 
1100; 1468; 464; 0; 0; 0; 0; 0; 
1101; 1464; 464; 0; 0; 0; 0; 0; 
1102; 1460; 464; 0; 0; 0; 0; 0; 
1103; 1458; 464; 0; 0; 0; 0; 0; 
1104; 1465; 464; 0; 0; 0; 0; 0; 
1105; 1455; 464; 0; 0; 0; 0; 0; 
1106; 1449; 464; 0; 0; 0; 0; 0; 
1107; 1456; 464; 0; 0; 0; 0; 0; 
1108; 1466; 464; 0; 0; 0; 0; 0; 
1109; 1469; 464; 0; 0; 0; 0; 0; 
1110; 1464; 497; 0; 0; 0; 0; 0; 
1111; 1450; 497; 0; 0; 0; 0; 0; 
1112; 1603; 433; 0; 0; 0; 0; 0; 
1113; 1672; 433; 0; 0; 0; 0; 0; 
1114; 1671; 443; 0; 0; 0; 0; 0; 
1115; 1190; 449; 0; 0; 0; 0; 0; 
1116; 1204; 449; 0; 0; 0; 0; 0; 
1117; 1680; 449; 0; 0; 0; 0; 0; 
1118; 1683; 449; 0; 0; 0; 0; 0; 
1119; 1190; 488; 0; 0; 0; 0; 0; 
1120; 1204; 488; 0; 0; 0; 0; 0; 
1121; 1680; 488; 0; 0; 0; 0; 0; 
1122; 1683; 488; 0; 0; 0; 0; 0; 
1123; 1684; 488; 0; 0; 0; 0; 0; 
1124; 1673; 488; 0; 0; 0; 0; 0; 
1125; 1676; 436; 0; 0; 0; 0; 0; 
1126; 1681; 436; 0; 0; 0; 0; 0; 
1127; 1687; 436; 0; 0; 0; 0; 0; 
1128; 1686; 436; 0; 0; 0; 0; 0; 
1129; 1692; 437; 0; 0; 0; 0; 0; 
1130; 975; 448; 0; 0; 0; 0; 0; 
1131; 993; 448; 0; 0; 0; 0; 0; 
1132; 976; 448; 0; 0; 0; 0; 0; 
1133; 988; 448; 0; 0; 0; 0; 0; 
1134; 977; 448; 0; 0; 0; 0; 0; 
1135; 979; 448; 0; 0; 0; 0; 0; 
1136; 978; 448; 0; 0; 0; 0; 0; 
1137; 992; 448; 0; 0; 0; 0; 0; 
1138; 3234; 448; 0; 0; 0; 0; 0; 
1139; 980; 448; 0; 0; 0; 0; 0; 
1140; 994; 448; 0; 0; 0; 0; 0; 
1141; 981; 448; 0; 0; 0; 0; 0; 
1142; 983; 448; 0; 0; 0; 0; 0; 
1143; 984; 448; 0; 0; 0; 0; 0; 
1144; 986; 448; 0; 0; 0; 0; 0; 
1145; 2441; 448; 0; 0; 0; 0; 0; 
1146; 989; 448; 0; 0; 0; 0; 0; 
1147; 997; 448; 0; 0; 0; 0; 0; 
1148; 2439; 448; 0; 0; 0; 0; 0; 
1149; 999; 448; 0; 0; 0; 0; 0; 
1150; 1146; 448; 0; 0; 0; 0; 0; 
1151; 991; 448; 0; 0; 0; 0; 0; 
1152; 975; 486; 0; 0; 0; 0; 0; 
1153; 998; 486; 0; 0; 0; 0; 0; 
1154; 977; 486; 0; 0; 0; 0; 0; 
1155; 979; 486; 0; 0; 0; 0; 0; 
1156; 978; 486; 0; 0; 0; 0; 0; 
1157; 992; 486; 0; 0; 0; 0; 0; 
1158; 980; 486; 0; 0; 0; 0; 0; 
1159; 999; 486; 0; 0; 0; 0; 0; 
1160; 981; 486; 0; 0; 0; 0; 0; 
1161; 2441; 486; 0; 0; 0; 0; 0; 
1162; 986; 486; 0; 0; 0; 0; 0; 
1163; 988; 486; 0; 0; 0; 0; 0; 
1164; 976; 486; 0; 0; 0; 0; 0; 
1165; 989; 486; 0; 0; 0; 0; 0; 
1166; 993; 486; 0; 0; 0; 0; 0; 
1167; 1000; 486; 0; 0; 0; 0; 0; 
1168; 994; 486; 0; 0; 0; 0; 0; 
1169; 3234; 486; 0; 0; 0; 0; 0; 
1170; 997; 486; 0; 0; 0; 0; 0; 
1171; 2439; 486; 0; 0; 0; 0; 0; 
1172; 1146; 486; 0; 0; 0; 0; 0; 
1173; 991; 486; 0; 0; 0; 0; 0; 
1174; 1556; 490; 0; 0; 0; 0; 0; 
1175; 1556; 491; 0; 0; 0; 0; 0; 
1176; 1557; 491; 0; 0; 0; 0; 0; 
1177; 778; 360; 0; 0; 0; 0; 0; 
1178; 763; 360; 0; 0; 0; 0; 0; 
1179; 771; 360; 0; 0; 0; 0; 0; 
1180; 777; 360; 0; 0; 0; 0; 0; 
1181; 761; 360; 0; 0; 0; 0; 0; 
1182; 780; 360; 0; 0; 0; 0; 0; 
1183; 764; 360; 0; 0; 0; 0; 0; 
1184; 786; 360; 0; 0; 0; 0; 0; 
1185; 1003; 446; 0; 0; 0; 0; 0; 
1186; 1004; 446; 0; 0; 0; 0; 0; 
1187; 1104; 446; 0; 0; 0; 0; 0; 
1188; 1019; 446; 0; 0; 0; 0; 0; 
1189; 1006; 446; 0; 0; 0; 0; 0; 
1190; 1090; 446; 0; 0; 0; 0; 0; 
1191; 2999; 446; 0; 0; 0; 0; 0; 
1192; 552; 224; 0; 0; 0; 0; 0; 
1193; 558; 224; 0; 0; 0; 0; 0; 
1194; 563; 224; 0; 0; 0; 0; 0; 
1195; 3511; 224; 0; 0; 0; 0; 0; 
1196; 553; 224; 0; 0; 0; 0; 0; 
1197; 565; 224; 0; 0; 0; 0; 0; 
1198; 1008; 446; 0; 0; 0; 0; 0; 
1199; 1014; 446; 0; 0; 0; 0; 0; 
1200; 1003; 487; 0; 0; 0; 0; 0; 
1201; 1002; 487; 0; 0; 0; 0; 0; 
1202; 1004; 487; 0; 0; 0; 0; 0; 
1203; 1006; 487; 0; 0; 0; 0; 0; 
1204; 1008; 487; 0; 0; 0; 0; 0; 
1205; 1013; 487; 0; 0; 0; 0; 0; 
1206; 1014; 487; 0; 0; 0; 0; 0; 
1207; 1016; 487; 0; 0; 0; 0; 0; 
1208; 1017; 487; 0; 0; 0; 0; 0; 
1209; 1019; 487; 0; 0; 0; 0; 0; 
1210; 1090; 487; 0; 0; 0; 0; 0; 
1211; 1104; 487; 0; 0; 0; 0; 0; 
1212; 1044; 548; 0; 0; 0; 0; 0; 
1213; 1039; 548; 0; 0; 0; 0; 0; 
1214; 1027; 549; 0; 0; 0; 0; 0; 
1215; 1044; 549; 0; 0; 0; 0; 0; 
1216; 1028; 549; 0; 0; 0; 0; 0; 
1217; 1669; 524; 0; 0; 0; 0; 0; 
1218; 1676; 524; 0; 0; 0; 0; 0; 
1219; 1687; 524; 0; 0; 0; 0; 0; 
1220; 1686; 524; 0; 0; 0; 0; 0; 
1221; 1689; 524; 0; 0; 0; 0; 0; 
1222; 1679; 524; 0; 0; 0; 0; 0; 
1223; 1681; 524; 0; 0; 0; 0; 0; 
1224; 1682; 524; 0; 0; 0; 0; 0; 
1225; 1690; 524; 0; 0; 0; 0; 0; 
1226; 1010; 487; 0; 0; 0; 0; 0; 
1227; 1018; 487; 0; 0; 0; 0; 0; 
1228; 2999; 487; 0; 0; 0; 0; 0; 
1229; 1010; 446; 0; 0; 0; 0; 0; 
1230; 1018; 446; 0; 0; 0; 0; 0; 
1231; 1050; 431; 0; 0; 0; 0; 0; 
1232; 1056; 431; 0; 0; 0; 0; 0; 
1233; 1052; 431; 0; 0; 0; 0; 0; 
1234; 1053; 431; 0; 0; 0; 0; 0; 
1235; 1051; 431; 0; 0; 0; 0; 0; 
1236; 1055; 431; 0; 0; 0; 0; 0; 
1237; 1066; 431; 0; 0; 0; 0; 0; 
1238; 1057; 431; 0; 0; 0; 0; 0; 
1239; 1061; 431; 0; 0; 0; 0; 0; 
1240; 1065; 431; 0; 0; 0; 0; 0; 
1241; 1064; 431; 0; 0; 0; 0; 0; 
1242; 1067; 431; 0; 0; 0; 0; 0; 
1243; 1062; 431; 0; 0; 0; 0; 0; 
1244; 1496; 431; 0; 0; 0; 0; 0; 
1245; 1052; 510; 0; 0; 0; 0; 0; 
1246; 1058; 510; 0; 0; 0; 0; 0; 
1247; 1053; 510; 0; 0; 0; 0; 0; 
1248; 1055; 510; 0; 0; 0; 0; 0; 
1249; 1056; 510; 0; 0; 0; 0; 0; 
1250; 1050; 510; 0; 0; 0; 0; 0; 
1251; 1057; 510; 0; 0; 0; 0; 0; 
1252; 969; 474; 0; 0; 0; 0; 0; 
1253; 1429; 476; 0; 0; 0; 0; 0; 
1254; 1061; 510; 0; 0; 0; 0; 0; 
1255; 1065; 510; 0; 0; 0; 0; 0; 
1256; 1064; 510; 0; 0; 0; 0; 0; 
1257; 1432; 476; 0; 0; 0; 0; 0; 
1258; 1433; 476; 0; 0; 0; 0; 0; 
1259; 1067; 510; 0; 0; 0; 0; 0; 
1260; 1062; 510; 0; 0; 0; 0; 0; 
1261; 1070; 510; 0; 0; 0; 0; 0; 
1262; 871; 545; 0; 0; 0; 0; 0; 
1263; 1435; 476; 0; 0; 0; 0; 0; 
1264; 872; 545; 0; 0; 0; 0; 0; 
1265; 1438; 476; 0; 0; 0; 0; 0; 
1266; 1440; 476; 0; 0; 0; 0; 0; 
1267; 1441; 476; 0; 0; 0; 0; 0; 
1268; 1443; 476; 0; 0; 0; 0; 0; 
1269; 1446; 476; 0; 0; 0; 0; 0; 
1270; 1447; 476; 0; 0; 0; 0; 0; 
1271; 1449; 478; 0; 0; 0; 0; 0; 
1272; 1453; 478; 0; 0; 0; 0; 0; 
1273; 1454; 478; 0; 0; 0; 0; 0; 
1274; 1458; 478; 0; 0; 0; 0; 0; 
1275; 1459; 478; 0; 0; 0; 0; 0; 
1276; 1460; 478; 0; 0; 0; 0; 0; 
1277; 1465; 478; 0; 0; 0; 0; 0; 
1278; 1464; 478; 0; 0; 0; 0; 0; 
1279; 1469; 478; 0; 0; 0; 0; 0; 
1280; 2997; 478; 0; 0; 0; 0; 0; 
1281; 873; 545; 0; 0; 0; 0; 0; 
1282; 1403; 537; 0; 0; 0; 0; 0; 
1283; 1484; 537; 0; 0; 0; 0; 0; 
1284; 875; 545; 0; 0; 0; 0; 0; 
1285; 876; 545; 0; 0; 0; 0; 0; 
1286; 877; 545; 0; 0; 0; 0; 0; 
1287; 996; 439; 0; 0; 0; 0; 0; 
1288; 878; 545; 0; 0; 0; 0; 0; 
1289; 881; 545; 0; 0; 0; 0; 0; 
1290; 707; 545; 0; 0; 0; 0; 0; 
1291; 1485; 537; 0; 0; 0; 0; 0; 
1292; 1486; 537; 0; 0; 0; 0; 0; 
1293; 1487; 537; 0; 0; 0; 0; 0; 
1294; 1492; 537; 0; 0; 0; 0; 0; 
1295; 1493; 537; 0; 0; 0; 0; 0; 
1296; 724; 545; 0; 0; 0; 0; 0; 
1297; 1231; 536; 0; 0; 0; 0; 0; 
1298; 1399; 536; 0; 0; 0; 0; 0; 
1299; 848; 545; 0; 0; 0; 0; 0; 
1300; 1497; 536; 0; 0; 0; 0; 0; 
1301; 1498; 536; 0; 0; 0; 0; 0; 
1302; 1499; 536; 0; 0; 0; 0; 0; 
1303; 1500; 536; 0; 0; 0; 0; 0; 
1304; 1503; 536; 0; 0; 0; 0; 0; 
1305; 3508; 224; 0; 0; 0; 0; 0; 
1306; 1502; 536; 0; 0; 0; 0; 0; 
1307; 564; 224; 0; 0; 0; 0; 0; 
1308; 1508; 536; 0; 0; 0; 0; 0; 
1309; 561; 224; 0; 0; 0; 0; 0; 
1310; 1509; 536; 0; 0; 0; 0; 0; 
1311; 559; 224; 0; 0; 0; 0; 0; 
1312; 560; 224; 0; 0; 0; 0; 0; 
1313; 1511; 536; 0; 0; 0; 0; 0; 
1314; 1512; 536; 0; 0; 0; 0; 0; 
1315; 1513; 536; 0; 0; 0; 0; 0; 
1316; 3513; 224; 0; 0; 0; 0; 0; 
1317; 869; 545; 0; 0; 0; 0; 0; 
1318; 1515; 536; 0; 0; 0; 0; 0; 
1319; 1517; 536; 0; 0; 0; 0; 0; 
1320; 1520; 536; 0; 0; 0; 0; 0; 
1321; 3510; 224; 0; 0; 0; 0; 0; 
1322; 870; 545; 0; 0; 0; 0; 0; 
1323; 1522; 536; 0; 0; 0; 0; 0; 
1324; 884; 545; 0; 0; 0; 0; 0; 
1325; 885; 545; 0; 0; 0; 0; 0; 
1326; 886; 545; 0; 0; 0; 0; 0; 
1327; 887; 545; 0; 0; 0; 0; 0; 
1328; 889; 545; 0; 0; 0; 0; 0; 
1329; 890; 545; 0; 0; 0; 0; 0; 
1330; 891; 545; 0; 0; 0; 0; 0; 
1331; 892; 545; 0; 0; 0; 0; 0; 
1332; 894; 545; 0; 0; 0; 0; 0; 
1333; 1078; 439; 0; 0; 0; 0; 0; 
1334; 1085; 439; 0; 0; 0; 0; 0; 
1335; 1088; 439; 0; 0; 0; 0; 0; 
1336; 1091; 439; 0; 0; 0; 0; 0; 
1337; 996; 511; 0; 0; 0; 0; 0; 
1338; 1073; 511; 0; 0; 0; 0; 0; 
1339; 1077; 511; 0; 0; 0; 0; 0; 
1340; 1078; 511; 0; 0; 0; 0; 0; 
1341; 1079; 511; 0; 0; 0; 0; 0; 
1342; 1085; 511; 0; 0; 0; 0; 0; 
1343; 1091; 511; 0; 0; 0; 0; 0; 
1344; 1089; 511; 0; 0; 0; 0; 0; 
1345; 1088; 511; 0; 0; 0; 0; 0; 
1346; 1642; 511; 0; 0; 0; 0; 0; 
1347; 897; 545; 0; 0; 0; 0; 0; 
1348; 3004; 545; 0; 0; 0; 0; 0; 
1349; 899; 545; 0; 0; 0; 0; 0; 
1350; 1428; 477; 0; 0; 0; 0; 0; 
1351; 1429; 477; 0; 0; 0; 0; 0; 
1352; 1430; 477; 0; 0; 0; 0; 0; 
1353; 1432; 477; 0; 0; 0; 0; 0; 
1354; 1442; 477; 0; 0; 0; 0; 0; 
1355; 3230; 536; 0; 0; 0; 0; 0; 
1356; 895; 545; 0; 0; 0; 0; 0; 
1357; 826; 545; 0; 0; 0; 0; 0; 
1358; 868; 545; 0; 0; 0; 0; 0; 
1359; 1094; 440; 0; 0; 0; 0; 0; 
1360; 1100; 440; 0; 0; 0; 0; 0; 
1361; 1102; 440; 0; 0; 0; 0; 0; 
1362; 1107; 440; 0; 0; 0; 0; 0; 
1363; 1108; 440; 0; 0; 0; 0; 0; 
1364; 1109; 440; 0; 0; 0; 0; 0; 
1365; 1110; 440; 0; 0; 0; 0; 0; 
1366; 1111; 440; 0; 0; 0; 0; 0; 
1367; 1112; 440; 0; 0; 0; 0; 0; 
1368; 1100; 512; 0; 0; 0; 0; 0; 
1369; 1102; 512; 0; 0; 0; 0; 0; 
1370; 1107; 512; 0; 0; 0; 0; 0; 
1371; 1108; 512; 0; 0; 0; 0; 0; 
1372; 1109; 512; 0; 0; 0; 0; 0; 
1373; 1110; 512; 0; 0; 0; 0; 0; 
1374; 1112; 512; 0; 0; 0; 0; 0; 
1375; 3233; 512; 0; 0; 0; 0; 0; 
1376; 1076; 439; 0; 0; 0; 0; 0; 
1377; 1015; 439; 0; 0; 0; 0; 0; 
1378; 1015; 511; 0; 0; 0; 0; 0; 
1379; 1082; 439; 0; 0; 0; 0; 0; 
1380; 1026; 448; 0; 0; 0; 0; 0; 
1381; 983; 486; 0; 0; 0; 0; 0; 
1382; 1673; 449; 0; 0; 0; 0; 0; 
1383; 1668; 449; 0; 0; 0; 0; 0; 
1384; 1668; 488; 0; 0; 0; 0; 0; 
1385; 1679; 436; 0; 0; 0; 0; 0; 
1386; 1689; 436; 0; 0; 0; 0; 0; 
1387; 1675; 436; 0; 0; 0; 0; 0; 
1388; 1030; 548; 0; 0; 0; 0; 0; 
1389; 1041; 548; 0; 0; 0; 0; 0; 
1390; 1691; 524; 0; 0; 0; 0; 0; 
1391; 1033; 549; 0; 0; 0; 0; 0; 
1392; 1034; 549; 0; 0; 0; 0; 0; 
1393; 1041; 549; 0; 0; 0; 0; 0; 
1394; 1035; 549; 0; 0; 0; 0; 0; 
1395; 1054; 431; 0; 0; 0; 0; 0; 
1396; 1058; 431; 0; 0; 0; 0; 0; 
1397; 1070; 431; 0; 0; 0; 0; 0; 
1398; 1076; 511; 0; 0; 0; 0; 0; 
1399; 1084; 511; 0; 0; 0; 0; 0; 
1400; 1086; 511; 0; 0; 0; 0; 0; 
1401; 811; 412; 0; 0; 0; 0; 0; 
1402; 810; 412; 0; 0; 0; 0; 0; 
1403; 818; 412; 0; 0; 0; 0; 0; 
1404; 815; 412; 0; 0; 0; 0; 0; 
1405; 817; 412; 0; 0; 0; 0; 0; 
1406; 759; 412; 0; 0; 0; 0; 0; 
1407; 813; 412; 0; 0; 0; 0; 0; 
1408; 814; 412; 0; 0; 0; 0; 0; 
1409; 816; 412; 0; 0; 0; 0; 0; 
1410; 823; 412; 0; 0; 0; 0; 0; 
1411; 824; 412; 0; 0; 0; 0; 0; 
1412; 821; 412; 0; 0; 0; 0; 0; 
1413; 825; 412; 0; 0; 0; 0; 0; 
1414; 827; 412; 0; 0; 0; 0; 0; 
1415; 828; 412; 0; 0; 0; 0; 0; 
1416; 829; 412; 0; 0; 0; 0; 0; 
1417; 830; 412; 0; 0; 0; 0; 0; 
1418; 831; 412; 0; 0; 0; 0; 0; 
1419; 832; 412; 0; 0; 0; 0; 0; 
1420; 838; 412; 0; 0; 0; 0; 0; 
1421; 835; 412; 0; 0; 0; 0; 0; 
1422; 834; 412; 0; 0; 0; 0; 0; 
1423; 836; 412; 0; 0; 0; 0; 0; 
1424; 840; 412; 0; 0; 0; 0; 0; 
1425; 839; 412; 0; 0; 0; 0; 0; 
1426; 842; 412; 0; 0; 0; 0; 0; 
1427; 843; 412; 0; 0; 0; 0; 0; 
1428; 841; 412; 0; 0; 0; 0; 0; 
1429; 844; 412; 0; 0; 0; 0; 0; 
1430; 3006; 412; 0; 0; 0; 0; 0; 
1431; 846; 412; 0; 0; 0; 0; 0; 
1432; 847; 412; 0; 0; 0; 0; 0; 
1433; 854; 412; 0; 0; 0; 0; 0; 
1434; 849; 412; 0; 0; 0; 0; 0; 
1435; 855; 412; 0; 0; 0; 0; 0; 
1436; 853; 412; 0; 0; 0; 0; 0; 
1437; 851; 412; 0; 0; 0; 0; 0; 
1438; 896; 412; 0; 0; 0; 0; 0; 
1439; 856; 412; 0; 0; 0; 0; 0; 
1440; 858; 412; 0; 0; 0; 0; 0; 
1441; 857; 412; 0; 0; 0; 0; 0; 
1442; 859; 412; 0; 0; 0; 0; 0; 
1443; 860; 412; 0; 0; 0; 0; 0; 
1444; 2654; 412; 0; 0; 0; 0; 0; 
1445; 861; 412; 0; 0; 0; 0; 0; 
1446; 863; 412; 0; 0; 0; 0; 0; 
1447; 864; 412; 0; 0; 0; 0; 0; 
1448; 865; 412; 0; 0; 0; 0; 0; 
1449; 867; 412; 0; 0; 0; 0; 0; 
1450; 817; 413; 0; 0; 0; 0; 0; 
1451; 816; 413; 0; 0; 0; 0; 0; 
1452; 810; 413; 0; 0; 0; 0; 0; 
1453; 759; 413; 0; 0; 0; 0; 0; 
1454; 813; 413; 0; 0; 0; 0; 0; 
1455; 815; 413; 0; 0; 0; 0; 0; 
1456; 811; 413; 0; 0; 0; 0; 0; 
1457; 814; 413; 0; 0; 0; 0; 0; 
1458; 818; 413; 0; 0; 0; 0; 0; 
1459; 821; 413; 0; 0; 0; 0; 0; 
1460; 823; 413; 0; 0; 0; 0; 0; 
1461; 824; 413; 0; 0; 0; 0; 0; 
1462; 825; 413; 0; 0; 0; 0; 0; 
1463; 827; 413; 0; 0; 0; 0; 0; 
1464; 828; 413; 0; 0; 0; 0; 0; 
1465; 830; 413; 0; 0; 0; 0; 0; 
1466; 829; 413; 0; 0; 0; 0; 0; 
1467; 831; 413; 0; 0; 0; 0; 0; 
1468; 832; 413; 0; 0; 0; 0; 0; 
1469; 838; 413; 0; 0; 0; 0; 0; 
1470; 836; 413; 0; 0; 0; 0; 0; 
1471; 834; 413; 0; 0; 0; 0; 0; 
1472; 835; 413; 0; 0; 0; 0; 0; 
1473; 841; 413; 0; 0; 0; 0; 0; 
1474; 843; 413; 0; 0; 0; 0; 0; 
1475; 842; 413; 0; 0; 0; 0; 0; 
1476; 840; 413; 0; 0; 0; 0; 0; 
1477; 839; 413; 0; 0; 0; 0; 0; 
1478; 844; 413; 0; 0; 0; 0; 0; 
1479; 3006; 413; 0; 0; 0; 0; 0; 
1480; 846; 413; 0; 0; 0; 0; 0; 
1481; 847; 413; 0; 0; 0; 0; 0; 
1482; 853; 413; 0; 0; 0; 0; 0; 
1483; 854; 413; 0; 0; 0; 0; 0; 
1484; 851; 413; 0; 0; 0; 0; 0; 
1485; 849; 413; 0; 0; 0; 0; 0; 
1486; 855; 413; 0; 0; 0; 0; 0; 
1487; 856; 413; 0; 0; 0; 0; 0; 
1488; 858; 413; 0; 0; 0; 0; 0; 
1489; 857; 413; 0; 0; 0; 0; 0; 
1490; 859; 413; 0; 0; 0; 0; 0; 
1491; 860; 413; 0; 0; 0; 0; 0; 
1492; 2654; 413; 0; 0; 0; 0; 0; 
1493; 861; 413; 0; 0; 0; 0; 0; 
1494; 865; 413; 0; 0; 0; 0; 0; 
1495; 864; 413; 0; 0; 0; 0; 0; 
1496; 863; 413; 0; 0; 0; 0; 0; 
1497; 867; 413; 0; 0; 0; 0; 0; 
1498; 818; 414; 0; 0; 0; 0; 0; 
1499; 817; 414; 0; 0; 0; 0; 0; 
1500; 816; 414; 0; 0; 0; 0; 0; 
1501; 759; 414; 0; 0; 0; 0; 0; 
1502; 815; 414; 0; 0; 0; 0; 0; 
1503; 813; 414; 0; 0; 0; 0; 0; 
1504; 814; 414; 0; 0; 0; 0; 0; 
1505; 810; 414; 0; 0; 0; 0; 0; 
1506; 811; 414; 0; 0; 0; 0; 0; 
1507; 821; 414; 0; 0; 0; 0; 0; 
1508; 824; 414; 0; 0; 0; 0; 0; 
1509; 823; 414; 0; 0; 0; 0; 0; 
1510; 827; 414; 0; 0; 0; 0; 0; 
1511; 825; 414; 0; 0; 0; 0; 0; 
1512; 828; 414; 0; 0; 0; 0; 0; 
1513; 831; 414; 0; 0; 0; 0; 0; 
1514; 830; 414; 0; 0; 0; 0; 0; 
1515; 829; 414; 0; 0; 0; 0; 0; 
1516; 832; 414; 0; 0; 0; 0; 0; 
1517; 835; 414; 0; 0; 0; 0; 0; 
1518; 834; 414; 0; 0; 0; 0; 0; 
1519; 836; 414; 0; 0; 0; 0; 0; 
1520; 838; 414; 0; 0; 0; 0; 0; 
1521; 840; 414; 0; 0; 0; 0; 0; 
1522; 843; 414; 0; 0; 0; 0; 0; 
1523; 839; 414; 0; 0; 0; 0; 0; 
1524; 842; 414; 0; 0; 0; 0; 0; 
1525; 841; 414; 0; 0; 0; 0; 0; 
1526; 844; 414; 0; 0; 0; 0; 0; 
1527; 3006; 414; 0; 0; 0; 0; 0; 
1528; 846; 414; 0; 0; 0; 0; 0; 
1529; 847; 414; 0; 0; 0; 0; 0; 
1530; 854; 414; 0; 0; 0; 0; 0; 
1531; 855; 414; 0; 0; 0; 0; 0; 
1532; 853; 414; 0; 0; 0; 0; 0; 
1533; 849; 414; 0; 0; 0; 0; 0; 
1534; 851; 414; 0; 0; 0; 0; 0; 
1535; 858; 414; 0; 0; 0; 0; 0; 
1536; 856; 414; 0; 0; 0; 0; 0; 
1537; 857; 414; 0; 0; 0; 0; 0; 
1538; 859; 414; 0; 0; 0; 0; 0; 
1539; 860; 414; 0; 0; 0; 0; 0; 
1540; 2654; 414; 0; 0; 0; 0; 0; 
1541; 861; 414; 0; 0; 0; 0; 0; 
1542; 865; 414; 0; 0; 0; 0; 0; 
1543; 864; 414; 0; 0; 0; 0; 0; 
1544; 863; 414; 0; 0; 0; 0; 0; 
1545; 867; 414; 0; 0; 0; 0; 0; 
1546; 2450; 511; 0; 0; 0; 0; 0; 
1547; 983; 546; 0; 0; 0; 0; 0; 
1548; 975; 546; 0; 0; 0; 0; 0; 
1549; 984; 546; 0; 0; 0; 0; 0; 
1550; 998; 546; 0; 0; 0; 0; 0; 
1551; 1176; 546; 0; 0; 0; 0; 0; 
1552; 2348; 601; 0; 0; 0; 0; 0; 
1553; 2349; 601; 0; 0; 0; 0; 0; 
1554; 2350; 601; 0; 0; 0; 0; 0; 
1555; 2361; 601; 0; 0; 0; 0; 0; 
1556; 2360; 601; 0; 0; 0; 0; 0; 
1557; 2366; 601; 0; 0; 0; 0; 0; 
1558; 2367; 601; 0; 0; 0; 0; 0; 
1559; 2359; 601; 0; 0; 0; 0; 0; 
1560; 2357; 601; 0; 0; 0; 0; 0; 
1561; 2354; 601; 0; 0; 0; 0; 0; 
1562; 2358; 601; 0; 0; 0; 0; 0; 
1563; 2369; 601; 0; 0; 0; 0; 0; 
1564; 2353; 601; 0; 0; 0; 0; 0; 
1565; 2352; 601; 0; 0; 0; 0; 0; 
1566; 2362; 601; 0; 0; 0; 0; 0; 
1567; 2371; 601; 0; 0; 0; 0; 0; 
1568; 2351; 601; 0; 0; 0; 0; 0; 
1569; 2355; 601; 0; 0; 0; 0; 0; 
1570; 2370; 601; 0; 0; 0; 0; 0; 
1571; 2363; 601; 0; 0; 0; 0; 0; 
1572; 2364; 601; 0; 0; 0; 0; 0; 
1573; 2356; 601; 0; 0; 0; 0; 0; 
1574; 2368; 601; 0; 0; 0; 0; 0; 
1575; 2365; 601; 0; 0; 0; 0; 0; 
1576; 1598; 561; 0; 0; 0; 0; 0; 
1577; 1667; 561; 0; 0; 0; 0; 0; 
1578; 1603; 563; 0; 0; 0; 0; 0; 
1579; 1672; 563; 0; 0; 0; 0; 0; 
1580; 1671; 565; 0; 0; 0; 0; 0; 
1581; 1668; 568; 0; 0; 0; 0; 0; 
1582; 1680; 568; 0; 0; 0; 0; 0; 
1583; 1683; 568; 0; 0; 0; 0; 0; 
1584; 1684; 568; 0; 0; 0; 0; 0; 
1585; 1688; 568; 0; 0; 0; 0; 0; 
1586; 1675; 569; 0; 0; 0; 0; 0; 
1587; 1676; 569; 0; 0; 0; 0; 0; 
1588; 1679; 569; 0; 0; 0; 0; 0; 
1589; 1681; 569; 0; 0; 0; 0; 0; 
1590; 1682; 569; 0; 0; 0; 0; 0; 
1591; 1685; 569; 0; 0; 0; 0; 0; 
1592; 1686; 569; 0; 0; 0; 0; 0; 
1593; 1687; 569; 0; 0; 0; 0; 0; 
1594; 1669; 569; 0; 0; 0; 0; 0; 
1595; 1689; 569; 0; 0; 0; 0; 0; 
1596; 1690; 569; 0; 0; 0; 0; 0; 
1597; 1691; 569; 0; 0; 0; 0; 0; 
1598; 1678; 571; 0; 0; 0; 0; 0; 
1599; 1692; 571; 0; 0; 0; 0; 0; 
1600; 1146; 546; 0; 0; 0; 0; 0; 
1601; 976; 546; 0; 0; 0; 0; 0; 
1602; 977; 546; 0; 0; 0; 0; 0; 
1603; 979; 546; 0; 0; 0; 0; 0; 
1604; 980; 546; 0; 0; 0; 0; 0; 
1605; 981; 546; 0; 0; 0; 0; 0; 
1606; 2441; 546; 0; 0; 0; 0; 0; 
1607; 986; 546; 0; 0; 0; 0; 0; 
1608; 993; 546; 0; 0; 0; 0; 0; 
1609; 994; 546; 0; 0; 0; 0; 0; 
1610; 992; 546; 0; 0; 0; 0; 0; 
1611; 1097; 546; 0; 0; 0; 0; 0; 
1612; 3234; 546; 0; 0; 0; 0; 0; 
1613; 1008; 547; 0; 0; 0; 0; 0; 
1614; 1004; 547; 0; 0; 0; 0; 0; 
1615; 1011; 547; 0; 0; 0; 0; 0; 
1616; 1104; 547; 0; 0; 0; 0; 0; 
1617; 1013; 547; 0; 0; 0; 0; 0; 
1618; 1016; 547; 0; 0; 0; 0; 0; 
1619; 1017; 547; 0; 0; 0; 0; 0; 
1620; 1021; 550; 0; 0; 0; 0; 0; 
1621; 1022; 550; 0; 0; 0; 0; 0; 
1622; 1023; 550; 0; 0; 0; 0; 0; 
1623; 3000; 550; 0; 0; 0; 0; 0; 
1624; 1024; 550; 0; 0; 0; 0; 0; 
1625; 1025; 550; 0; 0; 0; 0; 0; 
1626; 1027; 550; 0; 0; 0; 0; 0; 
1627; 1028; 550; 0; 0; 0; 0; 0; 
1628; 1029; 550; 0; 0; 0; 0; 0; 
1629; 999; 546; 0; 0; 0; 0; 0; 
1630; 1309; 546; 0; 0; 0; 0; 0; 
1631; 1000; 546; 0; 0; 0; 0; 0; 
1632; 978; 546; 0; 0; 0; 0; 0; 
1633; 2439; 546; 0; 0; 0; 0; 0; 
1634; 1673; 568; 0; 0; 0; 0; 0; 
1635; 1401; 511; 0; 0; 0; 0; 0; 
1636; 3001; 550; 0; 0; 0; 0; 0; 
1637; 1030; 550; 0; 0; 0; 0; 0; 
1638; 1032; 550; 0; 0; 0; 0; 0; 
1639; 1033; 550; 0; 0; 0; 0; 0; 
1640; 1035; 550; 0; 0; 0; 0; 0; 
1641; 1036; 550; 0; 0; 0; 0; 0; 
1642; 1120; 550; 0; 0; 0; 0; 0; 
1643; 1037; 550; 0; 0; 0; 0; 0; 
1644; 1038; 550; 0; 0; 0; 0; 0; 
1645; 1039; 550; 0; 0; 0; 0; 0; 
1646; 1040; 550; 0; 0; 0; 0; 0; 
1647; 1041; 550; 0; 0; 0; 0; 0; 
1648; 1042; 550; 0; 0; 0; 0; 0; 
1649; 1044; 550; 0; 0; 0; 0; 0; 
1650; 1656; 550; 0; 0; 0; 0; 0; 
1651; 1636; 550; 0; 0; 0; 0; 0; 
1652; 1496; 553; 0; 0; 0; 0; 0; 
1653; 1050; 553; 0; 0; 0; 0; 0; 
1654; 1051; 553; 0; 0; 0; 0; 0; 
1655; 1052; 553; 0; 0; 0; 0; 0; 
1656; 1053; 553; 0; 0; 0; 0; 0; 
1657; 1054; 553; 0; 0; 0; 0; 0; 
1658; 1055; 553; 0; 0; 0; 0; 0; 
1659; 1056; 553; 0; 0; 0; 0; 0; 
1660; 1058; 553; 0; 0; 0; 0; 0; 
1661; 1061; 553; 0; 0; 0; 0; 0; 
1662; 1062; 553; 0; 0; 0; 0; 0; 
1663; 1064; 553; 0; 0; 0; 0; 0; 
1664; 1065; 553; 0; 0; 0; 0; 0; 
1665; 1068; 553; 0; 0; 0; 0; 0; 
1666; 1070; 553; 0; 0; 0; 0; 0; 
1667; 1067; 553; 0; 0; 0; 0; 0; 
1668; 1072; 558; 0; 0; 0; 0; 0; 
1669; 1073; 558; 0; 0; 0; 0; 0; 
1670; 1074; 558; 0; 0; 0; 0; 0; 
1671; 990; 558; 0; 0; 0; 0; 0; 
1672; 1642; 558; 0; 0; 0; 0; 0; 
1673; 996; 558; 0; 0; 0; 0; 0; 
1674; 1076; 558; 0; 0; 0; 0; 0; 
1675; 1077; 558; 0; 0; 0; 0; 0; 
1676; 1079; 558; 0; 0; 0; 0; 0; 
1677; 1082; 558; 0; 0; 0; 0; 0; 
1678; 1083; 558; 0; 0; 0; 0; 0; 
1679; 1084; 558; 0; 0; 0; 0; 0; 
1680; 1085; 558; 0; 0; 0; 0; 0; 
1681; 1088; 558; 0; 0; 0; 0; 0; 
1682; 1089; 558; 0; 0; 0; 0; 0; 
1683; 1091; 558; 0; 0; 0; 0; 0; 
1684; 1092; 558; 0; 0; 0; 0; 0; 
1685; 1401; 558; 0; 0; 0; 0; 0; 
1686; 3233; 560; 0; 0; 0; 0; 0; 
1687; 1093; 560; 0; 0; 0; 0; 0; 
1688; 1094; 560; 0; 0; 0; 0; 0; 
1689; 1095; 560; 0; 0; 0; 0; 0; 
1690; 1096; 560; 0; 0; 0; 0; 0; 
1691; 1098; 560; 0; 0; 0; 0; 0; 
1692; 1100; 560; 0; 0; 0; 0; 0; 
1693; 1102; 560; 0; 0; 0; 0; 0; 
1694; 1105; 560; 0; 0; 0; 0; 0; 
1695; 3360; 560; 0; 0; 0; 0; 0; 
1696; 1106; 560; 0; 0; 0; 0; 0; 
1697; 1107; 560; 0; 0; 0; 0; 0; 
1698; 1108; 560; 0; 0; 0; 0; 0; 
1699; 1109; 560; 0; 0; 0; 0; 0; 
1700; 1111; 560; 0; 0; 0; 0; 0; 
1701; 1112; 560; 0; 0; 0; 0; 0; 
1702; 1113; 560; 0; 0; 0; 0; 0; 
1703; 1034; 550; 0; 0; 0; 0; 0; 
1704; 1049; 550; 0; 0; 0; 0; 0; 
1705; 3613; 696; 0; 0; 0; 0; 0; 
1706; 3469; 696; 0; 0; 0; 0; 0; 
1707; 53; 709; 0; 0; 0; 0; 0; 
1708; 2819; 709; 0; 0; 0; 0; 0; 
1709; 3126; 709; 0; 0; 0; 0; 0; 
1710; 3469; 709; 0; 0; 0; 0; 0; 
1711; 3615; 714; 0; 0; 0; 0; 0; 
1712; 2319; 714; 0; 0; 0; 0; 0; 
1713; 3014; 714; 0; 0; 0; 0; 0; 
1714; 3617; 714; 0; 0; 0; 0; 0; 
1715; 3614; 714; 0; 0; 0; 0; 0; 
1716; 3613; 714; 0; 0; 0; 0; 0; 
1717; 3182; 784; 0; 0; 0; 0; 0; 
1718; 3182; 785; 0; 0; 0; 0; 0; 
1719; 976; 750; 0; 0; 0; 0; 0; 
1720; 4699; 938; 0; 0; 0; 0; 0; 
1721; 975; 750; 0; 0; 0; 0; 0; 
1722; 979; 750; 0; 0; 0; 0; 0; 
1723; 977; 750; 0; 0; 0; 0; 0; 
1724; 988; 750; 0; 0; 0; 0; 0; 
1725; 984; 750; 0; 0; 0; 0; 0; 
1726; 983; 750; 0; 0; 0; 0; 0; 
1727; 4630; 750; 0; 0; 0; 0; 0; 
1728; 1000; 750; 0; 0; 0; 0; 0; 
1729; 998; 750; 0; 0; 0; 0; 0; 
1730; 997; 750; 0; 0; 0; 0; 0; 
1731; 3481; 852; 0; 2; 1523413800; 0; 0; 
1732; 610; 615; 1; 0; 0; 0; 0; 
1733; 646; 615; 1; 0; 0; 0; 0; 
1734; 3705; 994; 0; 2; 0; 0; 0; 
1735; 4772; 994; 0; 2; 0; 0; 0; 
1736; 4492; 603; 0; 0; 0; 0; 0; 
1737; 4494; 603; 0; 0; 0; 0; 0; 
1738; 4474; 605; 0; 0; 0; 0; 0; 
1739; 4475; 605; 0; 0; 0; 0; 0; 
1740; 1116; 673; 0; 0; 0; 0; 0; 
1741; 1117; 691; 0; 0; 0; 0; 0; 
1742; 1186; 673; 0; 0; 0; 0; 0; 
1743; 1225; 673; 0; 0; 0; 0; 0; 
1744; 1132; 675; 0; 0; 0; 0; 0; 
1745; 1133; 675; 0; 0; 0; 0; 0; 
1746; 1139; 675; 0; 0; 0; 0; 0; 
1747; 1141; 675; 0; 0; 0; 0; 0; 
1748; 1545; 677; 0; 0; 0; 0; 0; 
1749; 1184; 681; 0; 0; 0; 0; 0; 
1750; 887; 723; 0; 0; 0; 0; 0; 
1751; 885; 723; 0; 0; 0; 0; 0; 
1752; 897; 723; 0; 0; 0; 0; 0; 
1753; 881; 723; 0; 0; 0; 0; 0; 
1754; 895; 723; 0; 0; 0; 0; 0; 
1755; 899; 723; 0; 0; 0; 0; 0; 
1756; 891; 723; 0; 0; 0; 0; 0; 
1757; 890; 723; 0; 0; 0; 0; 0; 
1758; 897; 724; 0; 0; 0; 0; 0; 
1759; 891; 724; 0; 0; 0; 0; 0; 
1760; 1561; 720; 0; 0; 0; 0; 0; 
1761; 1562; 720; 0; 0; 0; 0; 0; 
1762; 1562; 981; 0; 0; 0; 0; 0; 
1763; 793; 944; 0; 0; 0; 0; 0; 
1764; 793; 945; 0; 0; 0; 0; 0; 
1765; 806; 945; 0; 0; 0; 0; 0; 
1766; 787; 945; 0; 0; 0; 0; 0; 
1767; 804; 945; 0; 0; 0; 0; 0; 
1768; 1679; 958; 0; 0; 0; 0; 0; 
1769; 1679; 1016; 0; 0; 0; 0; 0; 
1770; 3722; 970; 0; 0; 0; 0; 0; 
1771; 3712; 970; 0; 0; 0; 0; 0; 
1772; 3713; 970; 0; 0; 0; 0; 0; 
1773; 3714; 970; 0; 0; 0; 0; 0; 
1774; 3715; 970; 0; 0; 0; 0; 0; 
1775; 3716; 970; 0; 0; 0; 0; 0; 
1776; 3718; 970; 0; 0; 0; 0; 0; 
1777; 3719; 970; 0; 0; 0; 0; 0; 
1778; 3721; 970; 0; 0; 0; 0; 0; 
1779; 3723; 970; 0; 0; 0; 0; 0; 
1780; 3725; 970; 0; 0; 0; 0; 0; 
1781; 4304; 970; 0; 0; 0; 0; 0; 
1782; 4305; 970; 0; 0; 0; 0; 0; 
1783; 3724; 970; 0; 0; 0; 0; 0; 
1784; 4306; 970; 0; 0; 0; 0; 0; 
1785; 4631; 970; 0; 0; 0; 0; 0; 
1786; 3720; 970; 0; 0; 0; 0; 0; 
1787; 586; 968; 0; 0; 0; 0; 0; 
1788; 644; 968; 0; 0; 0; 0; 0; 
1789; 1795; 968; 0; 0; 0; 0; 0; 
1790; 2605; 968; 0; 0; 0; 0; 0; 
1791; 2977; 968; 0; 0; 0; 0; 0; 
1792; 3711; 968; 0; 0; 0; 0; 0; 
1793; 3837; 968; 0; 0; 0; 0; 0; 
1794; 3838; 968; 0; 0; 0; 0; 0; 
1795; 3839; 968; 0; 0; 0; 0; 0; 
1796; 3840; 968; 0; 0; 0; 0; 0; 
1797; 3841; 968; 0; 0; 0; 0; 0; 
1798; 3842; 968; 0; 0; 0; 0; 0; 
1799; 3843; 968; 0; 0; 0; 0; 0; 
1800; 3844; 968; 0; 0; 0; 0; 0; 
1801; 3845; 968; 0; 0; 0; 0; 0; 
1802; 3846; 968; 0; 0; 0; 0; 0; 
1803; 3847; 968; 0; 0; 0; 0; 0; 
1804; 3852; 968; 0; 0; 0; 0; 0; 
1805; 3855; 968; 0; 0; 0; 0; 0; 
1806; 3856; 968; 0; 0; 0; 0; 0; 
1807; 3865; 968; 0; 0; 0; 0; 0; 
1808; 3872; 968; 0; 0; 0; 0; 0; 
1809; 3868; 968; 0; 0; 0; 0; 0; 
1810; 3882; 968; 0; 0; 0; 0; 0; 
1811; 4318; 968; 0; 0; 0; 0; 0; 
1812; 4320; 968; 0; 0; 0; 0; 0; 
1813; 4325; 968; 0; 0; 0; 0; 0; 
1814; 4327; 968; 0; 0; 0; 0; 0; 
1815; 3884; 968; 0; 0; 0; 0; 0; 
1816; 4891; 968; 0; 0; 0; 0; 0; 
1817; 4324; 968; 0; 0; 0; 0; 0; 
1818; 4323; 968; 0; 0; 0; 0; 0; 
1819; 4322; 968; 0; 0; 0; 0; 0; 
1820; 4321; 968; 0; 0; 0; 0; 0; 
1821; 4319; 968; 0; 0; 0; 0; 0; 
1822; 4317; 968; 0; 0; 0; 0; 0; 
1823; 4316; 968; 0; 0; 0; 0; 0; 
1824; 4315; 968; 0; 0; 0; 0; 0; 
1825; 3867; 968; 0; 0; 0; 0; 0; 
1826; 3859; 968; 0; 0; 0; 0; 0; 
1827; 3848; 968; 0; 0; 0; 0; 0; 
1828; 3851; 968; 0; 0; 0; 0; 0; 
1829; 3853; 968; 0; 0; 0; 0; 0; 
1830; 3854; 968; 0; 0; 0; 0; 0; 
1831; 3857; 968; 0; 0; 0; 0; 0; 
1832; 3860; 968; 0; 0; 0; 0; 0; 
1833; 3858; 968; 0; 0; 0; 0; 0; 
1834; 3861; 968; 0; 0; 0; 0; 0; 
1835; 3862; 968; 0; 0; 0; 0; 0; 
1836; 3863; 968; 0; 0; 0; 0; 0; 
1837; 3864; 968; 0; 0; 0; 0; 0; 
1838; 4314; 968; 0; 0; 0; 0; 0; 
1839; 1680; 959; 0; 0; 0; 0; 0; 
1840; 1684; 959; 0; 0; 0; 0; 0; 
1841; 1680; 749; 0; 0; 0; 0; 0; 
1842; 3869; 968; 0; 0; 0; 0; 0; 
1843; 3870; 968; 0; 0; 0; 0; 0; 
1844; 3871; 968; 0; 0; 0; 0; 0; 
1845; 3873; 968; 0; 0; 0; 0; 0; 
1846; 3874; 968; 0; 0; 0; 0; 0; 
1847; 3875; 968; 0; 0; 0; 0; 0; 
1848; 3876; 968; 0; 0; 0; 0; 0; 
1849; 3877; 968; 0; 0; 0; 0; 0; 
1850; 3878; 968; 0; 0; 0; 0; 0; 
1851; 3879; 968; 0; 0; 0; 0; 0; 
1852; 3880; 968; 0; 0; 0; 0; 0; 
1853; 3881; 968; 0; 0; 0; 0; 0; 
1854; 3883; 968; 0; 0; 0; 0; 0; 
1855; 3885; 968; 0; 0; 0; 0; 0; 
1856; 4312; 968; 0; 0; 0; 0; 0; 
1857; 4313; 968; 0; 0; 0; 0; 0; 
1858; 3723; 1049; 0; 0; 0; 0; 0; 
1859; 792; 945; 0; 0; 0; 0; 0; 
1860; 794; 945; 0; 0; 0; 0; 0; 
1861; 794; 717; 0; 0; 0; 0; 0; 
1862; 795; 717; 0; 0; 0; 0; 0; 
1863; 790; 717; 0; 0; 0; 0; 0; 
1864; 1679; 748; 0; 0; 0; 0; 0; 
1865; 1688; 749; 0; 0; 0; 0; 0; 
1866; 1684; 749; 0; 0; 0; 0; 0; 
1867; 1688; 959; 0; 0; 0; 0; 0; 
1868; 980; 750; 0; 0; 0; 0; 0; 
1869; 991; 750; 0; 0; 0; 0; 0; 
1870; 992; 750; 0; 0; 0; 0; 0; 
1871; 993; 750; 0; 0; 0; 0; 0; 
1872; 1097; 750; 0; 0; 0; 0; 0; 
1873; 2441; 750; 0; 0; 0; 0; 0; 
1874; 975; 1018; 0; 0; 0; 0; 0; 
1875; 976; 1018; 0; 0; 0; 0; 0; 
1876; 977; 1018; 0; 0; 0; 0; 0; 
1877; 978; 1018; 0; 0; 0; 0; 0; 
1878; 979; 1018; 0; 0; 0; 0; 0; 
1879; 980; 1018; 0; 0; 0; 0; 0; 
1880; 983; 1018; 0; 0; 0; 0; 0; 
1881; 984; 1018; 0; 0; 0; 0; 0; 
1882; 988; 1018; 0; 0; 0; 0; 0; 
1883; 992; 1018; 0; 0; 0; 0; 0; 
1884; 993; 1018; 0; 0; 0; 0; 0; 
1885; 997; 1018; 0; 0; 0; 0; 0; 
1886; 998; 1018; 0; 0; 0; 0; 0; 
1887; 2439; 1018; 0; 0; 0; 0; 0; 
1888; 2441; 1018; 0; 0; 0; 0; 0; 
1889; 4630; 1018; 0; 0; 0; 0; 0; 
1890; 975; 960; 0; 0; 0; 0; 0; 
1891; 976; 960; 0; 0; 0; 0; 0; 
1892; 977; 960; 0; 0; 0; 0; 0; 
1893; 978; 960; 0; 0; 0; 0; 0; 
1894; 979; 960; 0; 0; 0; 0; 0; 
1895; 980; 960; 0; 0; 0; 0; 0; 
1896; 981; 960; 0; 0; 0; 0; 0; 
1897; 983; 960; 0; 0; 0; 0; 0; 
1898; 984; 960; 0; 0; 0; 0; 0; 
1899; 988; 960; 0; 0; 0; 0; 0; 
1900; 991; 960; 0; 0; 0; 0; 0; 
1901; 992; 960; 0; 0; 0; 0; 0; 
1902; 993; 960; 0; 0; 0; 0; 0; 
1903; 997; 960; 0; 0; 0; 0; 0; 
1904; 998; 960; 0; 0; 0; 0; 0; 
1905; 1000; 960; 0; 0; 0; 0; 0; 
1906; 1097; 960; 0; 0; 0; 0; 0; 
1907; 2439; 960; 0; 0; 0; 0; 0; 
1908; 2441; 960; 0; 0; 0; 0; 0; 
1909; 3929; 960; 0; 0; 0; 0; 0; 
1910; 4630; 960; 0; 0; 0; 0; 0; 
1911; 1003; 751; 0; 0; 0; 0; 0; 
1912; 1004; 751; 0; 0; 0; 0; 0; 
1913; 1006; 751; 0; 0; 0; 0; 0; 
1914; 1011; 751; 0; 0; 0; 0; 0; 
1915; 1013; 751; 0; 0; 0; 0; 0; 
1916; 1017; 751; 0; 0; 0; 0; 0; 
1917; 1018; 751; 0; 0; 0; 0; 0; 
1918; 1019; 751; 0; 0; 0; 0; 0; 
1919; 1104; 751; 0; 0; 0; 0; 0; 
1920; 3928; 751; 0; 0; 0; 0; 0; 
1921; 1003; 961; 0; 0; 0; 0; 0; 
1922; 1004; 961; 0; 0; 0; 0; 0; 
1923; 1006; 961; 0; 0; 0; 0; 0; 
1924; 1008; 961; 0; 0; 0; 0; 0; 
1925; 1011; 961; 0; 0; 0; 0; 0; 
1926; 1013; 961; 0; 0; 0; 0; 0; 
1927; 1016; 961; 0; 0; 0; 0; 0; 
1928; 1017; 961; 0; 0; 0; 0; 0; 
1929; 1018; 961; 0; 0; 0; 0; 0; 
1930; 1019; 961; 0; 0; 0; 0; 0; 
1931; 1104; 961; 0; 0; 0; 0; 0; 
1932; 1003; 1019; 0; 0; 0; 0; 0; 
1933; 1004; 1019; 0; 0; 0; 0; 0; 
1934; 1005; 1019; 0; 0; 0; 0; 0; 
1935; 1013; 1019; 0; 0; 0; 0; 0; 
1936; 1016; 1019; 0; 0; 0; 0; 0; 
1937; 1019; 1019; 0; 0; 0; 0; 0; 
1938; 1104; 1019; 0; 0; 0; 0; 0; 
1939; 3928; 1019; 0; 0; 0; 0; 0; 
1940; 4631; 1049; 0; 0; 0; 0; 0; 
1941; 4306; 1049; 0; 0; 0; 0; 0; 
1942; 3724; 1049; 0; 0; 0; 0; 0; 
1943; 3712; 1049; 0; 0; 0; 0; 0; 
1944; 3713; 1049; 0; 0; 0; 0; 0; 
1945; 3714; 1049; 0; 0; 0; 0; 0; 
1946; 3715; 1049; 0; 0; 0; 0; 0; 
1947; 3716; 1049; 0; 0; 0; 0; 0; 
1948; 3718; 1049; 0; 0; 0; 0; 0; 
1949; 3719; 1049; 0; 0; 0; 0; 0; 
1950; 3720; 1049; 0; 0; 0; 0; 0; 
1951; 3721; 1049; 0; 0; 0; 0; 0; 
1952; 3722; 1049; 0; 0; 0; 0; 0; 
1953; 3725; 1049; 0; 0; 0; 0; 0; 
1954; 4304; 1049; 0; 0; 0; 0; 0; 
1955; 4305; 1049; 0; 0; 0; 0; 0; 
1956; 586; 1048; 0; 0; 0; 0; 0; 
1957; 644; 1048; 0; 0; 0; 0; 0; 
1958; 1795; 1048; 0; 0; 0; 0; 0; 
1959; 2605; 1048; 0; 0; 0; 0; 0; 
1960; 2977; 1048; 0; 0; 0; 0; 0; 
1961; 3711; 1048; 0; 0; 0; 0; 0; 
1962; 3837; 1048; 0; 0; 0; 0; 0; 
1963; 3838; 1048; 0; 0; 0; 0; 0; 
1964; 3839; 1048; 0; 0; 0; 0; 0; 
1965; 3840; 1048; 0; 0; 0; 0; 0; 
1966; 3841; 1048; 0; 0; 0; 0; 0; 
1967; 3842; 1048; 0; 0; 0; 0; 0; 
1968; 3843; 1048; 0; 0; 0; 0; 0; 
1969; 3844; 1048; 0; 0; 0; 0; 0; 
1970; 3845; 1048; 0; 0; 0; 0; 0; 
1971; 3846; 1048; 0; 0; 0; 0; 0; 
1972; 3847; 1048; 0; 0; 0; 0; 0; 
1973; 3848; 1048; 0; 0; 0; 0; 0; 
1974; 3851; 1048; 0; 0; 0; 0; 0; 
1975; 3852; 1048; 0; 0; 0; 0; 0; 
1976; 3853; 1048; 0; 0; 0; 0; 0; 
1977; 3854; 1048; 0; 0; 0; 0; 0; 
1978; 3855; 1048; 0; 0; 0; 0; 0; 
1979; 3856; 1048; 0; 0; 0; 0; 0; 
1980; 3857; 1048; 0; 0; 0; 0; 0; 
1981; 3858; 1048; 0; 0; 0; 0; 0; 
1982; 3859; 1048; 0; 0; 0; 0; 0; 
1983; 3860; 1048; 0; 0; 0; 0; 0; 
1984; 3861; 1048; 0; 0; 0; 0; 0; 
1985; 3862; 1048; 0; 0; 0; 0; 0; 
1986; 3863; 1048; 0; 0; 0; 0; 0; 
1987; 3864; 1048; 0; 0; 0; 0; 0; 
1988; 3865; 1048; 0; 0; 0; 0; 0; 
1989; 3867; 1048; 0; 0; 0; 0; 0; 
1990; 3868; 1048; 0; 0; 0; 0; 0; 
1991; 3869; 1048; 0; 0; 0; 0; 0; 
1992; 3870; 1048; 0; 0; 0; 0; 0; 
1993; 3871; 1048; 0; 0; 0; 0; 0; 
1994; 3872; 1048; 0; 0; 0; 0; 0; 
1995; 3873; 1048; 0; 0; 0; 0; 0; 
1996; 3874; 1048; 0; 0; 0; 0; 0; 
1997; 3875; 1048; 0; 0; 0; 0; 0; 
1998; 3876; 1048; 0; 0; 0; 0; 0; 
1999; 3877; 1048; 0; 0; 0; 0; 0; 
2000; 3878; 1048; 0; 0; 0; 0; 0; 
2001; 3879; 1048; 0; 0; 0; 0; 0; 
2002; 3880; 1048; 0; 0; 0; 0; 0; 
2003; 3881; 1048; 0; 0; 0; 0; 0; 
2004; 3882; 1048; 0; 0; 0; 0; 0; 
2005; 3883; 1048; 0; 0; 0; 0; 0; 
2006; 3884; 1048; 0; 0; 0; 0; 0; 
2007; 3885; 1048; 0; 0; 0; 0; 0; 
2008; 4312; 1048; 0; 0; 0; 0; 0; 
2009; 4313; 1048; 0; 0; 0; 0; 0; 
2010; 4314; 1048; 0; 0; 0; 0; 0; 
2011; 4315; 1048; 0; 0; 0; 0; 0; 
2012; 4316; 1048; 0; 0; 0; 0; 0; 
2013; 4317; 1048; 0; 0; 0; 0; 0; 
2014; 4318; 1048; 0; 0; 0; 0; 0; 
2015; 4319; 1048; 0; 0; 0; 0; 0; 
2016; 4320; 1048; 0; 0; 0; 0; 0; 
2017; 4321; 1048; 0; 0; 0; 0; 0; 
2018; 4322; 1048; 0; 0; 0; 0; 0; 
2019; 4323; 1048; 0; 0; 0; 0; 0; 
2020; 4324; 1048; 0; 0; 0; 0; 0; 
2021; 4325; 1048; 0; 0; 0; 0; 0; 
2022; 4327; 1048; 0; 0; 0; 0; 0; 
2023; 4891; 1048; 0; 0; 0; 0; 0; 
2024; 1000; 1018; 0; 0; 0; 0; 0; 
2025; 1679; 746; 0; 0; 0; 0; 0; 
2026; 978; 750; 0; 0; 0; 0; 0; 
2027; 1005; 961; 0; 0; 0; 0; 0; 
2028; 1016; 751; 0; 0; 0; 0; 0; 
2029; 4211; 1055; 0; 0; 0; 0; 0; 
2030; 3712; 1058; 0; 0; 0; 0; 0; 
2031; 3713; 1058; 0; 0; 0; 0; 0; 
2032; 3714; 1058; 0; 0; 0; 0; 0; 
2033; 3715; 1058; 0; 0; 0; 0; 0; 
2034; 3716; 1058; 0; 0; 0; 0; 0; 
2035; 3718; 1058; 0; 0; 0; 0; 0; 
2036; 3719; 1058; 0; 0; 0; 0; 0; 
2037; 3720; 1058; 0; 0; 0; 0; 0; 
2038; 3721; 1058; 0; 0; 0; 0; 0; 
2039; 3722; 1058; 0; 0; 0; 0; 0; 
2040; 3723; 1058; 0; 0; 0; 0; 0; 
2041; 3724; 1058; 0; 0; 0; 0; 0; 
2042; 3725; 1058; 0; 0; 0; 0; 0; 
2043; 4303; 1058; 0; 0; 0; 0; 0; 
2044; 4304; 1058; 0; 0; 0; 0; 0; 
2045; 4305; 1058; 0; 0; 0; 0; 0; 
2046; 4306; 1058; 0; 0; 0; 0; 0; 
2047; 4631; 1058; 0; 0; 0; 0; 0; 
2048; 586; 1056; 0; 0; 0; 0; 0; 
2049; 644; 1056; 0; 0; 0; 0; 0; 
2050; 1795; 1056; 0; 0; 0; 0; 0; 
2051; 2605; 1056; 0; 0; 0; 0; 0; 
2052; 2977; 1056; 0; 0; 0; 0; 0; 
2053; 3711; 1056; 0; 0; 0; 0; 0; 
2054; 3837; 1056; 0; 0; 0; 0; 0; 
2055; 3838; 1056; 0; 0; 0; 0; 0; 
2056; 3839; 1056; 0; 0; 0; 0; 0; 
2057; 3840; 1056; 0; 0; 0; 0; 0; 
2058; 3841; 1056; 0; 0; 0; 0; 0; 
2059; 3842; 1056; 0; 0; 0; 0; 0; 
2060; 3843; 1056; 0; 0; 0; 0; 0; 
2061; 3844; 1056; 0; 0; 0; 0; 0; 
2062; 3845; 1056; 0; 0; 0; 0; 0; 
2063; 3846; 1056; 0; 0; 0; 0; 0; 
2064; 3847; 1056; 0; 0; 0; 0; 0; 
2065; 3848; 1056; 0; 0; 0; 0; 0; 
2066; 3851; 1056; 0; 0; 0; 0; 0; 
2067; 3852; 1056; 0; 0; 0; 0; 0; 
2068; 3853; 1056; 0; 0; 0; 0; 0; 
2069; 3854; 1056; 0; 0; 0; 0; 0; 
2070; 3855; 1056; 0; 0; 0; 0; 0; 
2071; 3856; 1056; 0; 0; 0; 0; 0; 
2072; 3857; 1056; 0; 0; 0; 0; 0; 
2073; 3858; 1056; 0; 0; 0; 0; 0; 
2074; 3859; 1056; 0; 0; 0; 0; 0; 
2075; 3860; 1056; 0; 0; 0; 0; 0; 
2076; 3861; 1056; 0; 0; 0; 0; 0; 
2077; 3862; 1056; 0; 0; 0; 0; 0; 
2078; 3863; 1056; 0; 0; 0; 0; 0; 
2079; 3864; 1056; 0; 0; 0; 0; 0; 
2080; 3865; 1056; 0; 0; 0; 0; 0; 
2081; 3867; 1056; 0; 0; 0; 0; 0; 
2082; 3868; 1056; 0; 0; 0; 0; 0; 
2083; 3869; 1056; 0; 0; 0; 0; 0; 
2084; 3870; 1056; 0; 0; 0; 0; 0; 
2085; 3871; 1056; 0; 0; 0; 0; 0; 
2086; 3872; 1056; 0; 0; 0; 0; 0; 
2087; 3873; 1056; 0; 0; 0; 0; 0; 
2088; 3874; 1056; 0; 0; 0; 0; 0; 
2089; 3875; 1056; 0; 0; 0; 0; 0; 
2090; 3876; 1056; 0; 0; 0; 0; 0; 
2091; 3877; 1056; 0; 0; 0; 0; 0; 
2092; 3878; 1056; 0; 0; 0; 0; 0; 
2093; 3879; 1056; 0; 0; 0; 0; 0; 
2094; 3880; 1056; 0; 0; 0; 0; 0; 
2095; 3881; 1056; 0; 0; 0; 0; 0; 
2096; 3882; 1056; 0; 0; 0; 0; 0; 
2097; 3883; 1056; 0; 0; 0; 0; 0; 
2098; 3884; 1056; 0; 0; 0; 0; 0; 
2099; 3885; 1056; 0; 0; 0; 0; 0; 
2100; 4312; 1056; 0; 0; 0; 0; 0; 
2101; 4313; 1056; 0; 0; 0; 0; 0; 
2102; 4314; 1056; 0; 0; 0; 0; 0; 
2103; 4315; 1056; 0; 0; 0; 0; 0; 
2104; 4316; 1056; 0; 0; 0; 0; 0; 
2105; 4317; 1056; 0; 0; 0; 0; 0; 
2106; 4318; 1056; 0; 0; 0; 0; 0; 
2107; 4319; 1056; 0; 0; 0; 0; 0; 
2108; 4320; 1056; 0; 0; 0; 0; 0; 
2109; 4321; 1056; 0; 0; 0; 0; 0; 
2110; 4322; 1056; 0; 0; 0; 0; 0; 
2111; 4323; 1056; 0; 0; 0; 0; 0; 
2112; 4324; 1056; 0; 0; 0; 0; 0; 
2113; 4325; 1056; 0; 0; 0; 0; 0; 
2114; 4327; 1056; 0; 0; 0; 0; 0; 
2115; 4891; 1056; 0; 0; 0; 0; 0; 
2116; 3036; 1151; 0; 0; 0; 0; 0; 
2117; 3042; 1151; 0; 0; 0; 0; 0; 
2118; 3044; 1151; 0; 0; 0; 0; 0; 
2119; 3050; 1151; 0; 0; 0; 0; 0; 
2120; 3037; 1151; 0; 0; 0; 0; 0; 
2121; 3039; 1151; 0; 0; 0; 0; 0; 
2122; 3040; 1151; 0; 0; 0; 0; 0; 
2123; 3041; 1151; 0; 0; 0; 0; 0; 
2124; 3043; 1151; 0; 0; 0; 0; 0; 
2125; 3045; 1151; 0; 0; 0; 0; 0; 
2126; 3046; 1151; 0; 0; 0; 0; 0; 
2127; 3038; 1151; 0; 0; 0; 0; 0; 
2128; 3053; 1151; 0; 0; 0; 0; 0; 
2129; 3047; 1151; 0; 0; 0; 0; 0; 
2130; 3048; 1151; 0; 0; 0; 0; 0; 
2131; 3049; 1151; 0; 0; 0; 0; 0; 
2132; 3052; 1151; 0; 0; 0; 0; 0; 
2133; 3051; 1151; 0; 0; 0; 0; 0; 
2134; 3431; 1151; 0; 0; 0; 0; 0; 
2135; 5054; 1158; 0; 0; 0; 0; 0; 
2136; 5055; 1158; 0; 0; 0; 0; 0; 
2137; 5056; 1158; 0; 0; 0; 0; 0; 
2138; 5058; 1158; 0; 0; 0; 0; 0; 
2139; 5059; 1158; 0; 0; 0; 0; 0; 
2140; 5166; 1083; 0; 0; 0; 0; 0; 
